proxy_wallet,first_seen,realized_pnl
0x8217b6c8878a4aa4ecc023608dbf91d4fac64936,2025-10-12T23:23:41.981009Z,22.000270000000008
0x9889634ade9046c5f3a86f820e769583fc3e4839,2025-12-29T14:09:59.937762Z,0.0
0xca0cc8aab1ac556a55855819aca89aaba55caffd,2025-12-29T15:20:21.432465Z,-18.989566
0xd189664c5308903476f9f079820431e4fd7d06f4,2024-10-19T23:16:19.259439Z,39.71674300000001
0x07f1cea28e80ce3879ddd0a2dcbf5276d3dc9f1c,2025-12-18T01:59:57.166919Z,-16.6878
0x8e94529a7bfd8a00ca8a4e05aa5b5cfec37dba10,2025-12-04T10:10:24.885736Z,0.0
0xe5575fcfeea0784f927ee55bed95787c94b17e8c,2025-12-30T14:07:18.613211Z,-393.627747
0x1602856ef17c9b838b2f2b941b9c628cd5eecbf7,2024-11-04T09:49:10.759778Z,23.270292
0x85df7fd6561b0944e9e5aae28c2e3154841f495a,2025-12-30T05:02:36.79536Z,0.0
0x1e962d5c0303af3d790b562926e04deb6d246373,2025-12-04T15:47:31.990332Z,-16.63327
0xc1729140aeeda3d531c8cddb712109b3ec4e3749,,0.0
0xa2ed81611c3bd048a2c42bc20dc6c8a374f8160d,,-5.995833
0x3b64f0df8eb1e72026f70e70b02f7c6dd67ad59e,2025-12-29T22:11:13.121778Z,-86.97026
0x3be6a957284152bd131e3d6d7bb5208363fe77bd,2025-12-03T18:10:08.649171Z,0.0
0x7457268766256186e8f3edea35c7a8d5688513f0,2025-10-18T05:36:59.336422Z,0.0
0xc2c8817934b11eea10381d87b43895b4cd77ef2f,2025-12-30T05:23:42.192807Z,-10.0
0xd8f3790cc1896d89ed36fc415793e7163eea4c06,2025-05-14T04:02:45.111987Z,-239.773016
0xd2a4a89e0a69842afde0c118ad25393a0b159143,2025-09-18T12:24:20.848232Z,8.085054
0x22337384a842ae0e6053ca261055412d90dc6fc1,2026-01-01T19:54:25.487387Z,0.0
0x3aec8b80cb07356b5d6a568554f89e8a00fd22a9,2025-10-27T19:17:55.656985Z,0.0
0xdd4729e9caaa7762b65ad3bb2419c3212f42497b,2025-12-17T20:24:45.014863Z,-362.242574
0xccad58695be1bcf10ec63ef316647e6064028b16,2025-12-31T02:00:41.300819Z,-1.999666
0x8ebfdc251c6c378d4a3a54a8f15cebfa4b9183ce,2024-09-27T22:03:48.355419Z,7.210050999999999
0xd8a254bbc5fe9a9735bd019efe959529c6f2477c,2025-12-23T19:58:02.101395Z,-15.0
0x79a2f22753d5be04b6bbc6843a02b1c7416e4c27,2025-12-28T05:19:42.733875Z,-185.97665
0x79922ac65b4926c491f62e6adb6dd347ccaafe8d,2025-12-11T00:18:47.326531Z,0.02984
0x2060018b9ba1d4b4037ddf777bdb8caf52e71176,2025-12-24T10:44:31.637958Z,0.0
0x925be1ab9ddb8806715950d4d58021192814640e,2025-10-25T00:46:12.475366Z,0.0
0x1728f0fe9a7a5f0c55ef60a75cefebe99f3ef6c6,2025-12-30T23:14:22.309699Z,-5.993333
0x31354c8a9ddaa6ab79f4c371193624174c016030,2026-01-02T22:16:01.504936Z,0.0
0xc9cd0a034ff47c621a9fea395d6696b81dbb432c,2026-01-02T10:28:44.38561Z,0.0
0xf13d7dfaee16b4b5ee95cbf74c529fdedc525e9c,2025-12-31T20:56:30.570454Z,0.0
0x64d863e2d76e99122ae030a5e5c59e1ba872841f,2025-12-02T23:32:52.767399Z,-1.0
0x54130cd31411b3feb6c3bdd347d293e1719c1a2b,2025-08-08T18:51:14.932589Z,0.0
0xbf346b7c144516cd9a8d5868d5b477e9bb04e4d3,2026-01-01T17:09:04.015196Z,-25.348950000000002
0x2939359c5fc2b3221e2d87d440282e07539ae083,2025-12-14T07:04:36.951326Z,2.487906
0x1ceb1d6c341e382cc275058aa203c50f0cddf801,2025-11-23T19:21:32.806829Z,-40.0
0xf55eee2264546a234ed857ac045fb8f38c8a0c66,2024-10-20T22:20:09.733626Z,-80.83502
0xec4749af973253b22b0366cea050adfc545e418b,2025-12-28T01:57:51.448397Z,-1.0
0x52a2565fab9611d3163b0a4751ec99ceab5a376f,,-81.975914
0xd5817f224f4f03b4184141b42f3b5a35344abd3b,2024-05-15T21:15:24.99964Z,0.0
0x50a3b6cb6fe6b987cdd541c8270fe855ed140a78,2025-11-18T21:23:59.537497Z,-3.9365080000000003
0x1a8b31f7829f6d82ac574ac6dde32106cdefc905,2026-01-01T00:27:46.682028Z,-60.445
0x2bc8f529f2e2a6dca84e4e1fc15662abf90ae812,2025-12-18T08:24:35.750822Z,0.0
0x657c481562cfc0be075c5d558d8c8d885d0ab53c,2024-10-20T11:15:58.519766Z,-26.674266
0x2b366034b69b64a444406b2db7ec1ff7869c473b,,25.107189
0x08458f7e9d2858027de579e4c3ca305475496b6f,2024-12-27T14:33:10.576759Z,39.658302
0x021bc3674655afffcaedfb5247a4a47de6a980ca,2025-10-27T17:24:40.010587Z,-2.0
0xe084e13dcd737bdc2a77c01b729d6f38f4dc28eb,2025-09-25T03:34:26.316569Z,-20.990000000000002
0x30c45e999fed47c6774de173d5d8808bc41a32c9,2025-12-20T02:04:41.225556Z,-15.9915
0x3863cf6aaf13dcec8aeb514c318a1bd9d95db0db,2025-12-30T15:52:54.873917Z,0.0
0x24e890fbe3bb970126b478214dc915ed8050dabe,2025-12-30T11:14:59.435909Z,-3.0
0x34ad960f2b4141b99927b354d0d651504997040a,2025-12-22T19:59:36.175209Z,-11.997333
0xfc7a9e26dbc8626ab39ef6283714829f0edde98f,2025-09-12T06:19:43.548871Z,0.0
0xdac74cf8de10a2249872ecbc8137ac8112af4013,2026-01-02T14:20:58.148542Z,-1.89
0x2179f7686f58ffbad8d7dbe65b2325dc72472e2a,2025-12-30T19:45:39.182795Z,-22.82544
0x64ef890654803935242b602497f088d4b9c5b728,2025-12-25T08:29:08.574201Z,-25.970285
0x09e99f7c666f672ad0bcf01f7c4c48dda38064e6,2025-12-29T18:10:40.671423Z,0.0
0x9f54af01f136e683e10813ff3155f4e76fca49c4,2026-01-02T18:41:17.983805Z,0.0
0x8de94778c0188f72d4c536eb3781dfc63f303171,2025-08-18T21:42:03.753404Z,-1.0
0x286e9d432af6e51087f82dbd36db78fa124c2b47,2025-12-29T15:49:17.904133Z,-9.408296
0x3477f9dd89927a1b99cfc045ddff7bd290d5310c,2025-12-30T17:52:49.554341Z,0.3012
0x9d39b8ee38f367983c170abc553d26011928cbfe,2025-01-16T23:45:02.102706Z,-4.997999
0xfbfb0883a151234e76a5a5ea72ffc5f47e9df563,2025-11-29T10:19:17.477624Z,331.535511
0x4ad6cadefae3c28f5b2caa32a99ebba3a614464c,2024-10-02T17:17:18.07773Z,126.0
0xe915ba208db7c35ef8b6964436f8bb5135699037,2025-12-15T14:15:42.09048Z,0.0
0xcf4ae0468c9b418e2711ac6c5d088971fc20c1f4,2025-12-20T14:09:25.099053Z,-15.997
0x50a1438b529f8c4e7da7bf8a8656529fa7561943,2025-12-30T15:30:12.191127Z,0.0
0x9dd604fb2d526025516119369eb0ceb7fe20d25b,2025-11-24T21:25:55.222253Z,0.0
0x12bde4eae37239f1f95bdf72e5f208d8182cee48,2025-02-05T13:20:56.893526Z,0.0402
0xcbff940cfb4d3a91a9dc1012d513c6046b16e8e7,2025-10-21T08:10:50.146986Z,-9.15
0x81952b3c77d15887a79ca8b0eb848574a2a334b6,2025-10-27T02:55:54.65196Z,0.034342
0x97ceae4b60488c36cba36974c3856fd47bd130f3,2024-10-16T21:47:10.042106Z,-2.0
0x06d5cac83375091e42a41a42db9c50adc5139246,2025-02-09T23:56:53.547423Z,0.0
0xb75cf9583c18c99620bcbfbbef83c38bad410539,2025-12-08T15:31:49.94838Z,-4.0
0xa5ec05f3cc265a55dae511e96758baa1d7bfe59a,2025-12-22T05:38:55.389448Z,0.002
0xed04895e5368b4ab0d8a3ab525e378726b487419,2025-11-26T15:41:34.966838Z,-43.268294999999995
0x2150d0878c2514c81fbded2a7e309abb89c9581b,2024-12-18T10:51:37.066984Z,0.0
0x3978ee2844011b262ba4a71c60a229de06208573,2025-08-17T18:13:46.276584Z,-10.756825
0x1d12b03e647b9d7f07bcabaeb68d010f5384ab54,2025-10-21T16:24:29.004143Z,-533.375991
0x8c60ceefed1df4a39b30f941deab937bdf860b12,2025-12-01T23:50:30.634314Z,0.0
0xd797e68e180054b8cd6df86d98ee993d0419f177,2026-01-02T18:16:01.820485Z,0.0
0x2eded755a549420c930561bcebcc9282ee2a0a84,2024-05-18T02:23:41.40697Z,-3.0
0x15eb50a9b19ce425df0f81e63c41b4cf27f59cd1,2025-12-30T15:38:51.991028Z,-2.029546
0xd9665ad2f598759ff7353618ed89864750f60006,,-22.9955
0x42517371065740797ad771c0bc7ecbf53452fa50,2025-12-28T07:29:19.260345Z,-3.999125
0xd168158a897f1710bd279643344f30ee0477c167,2025-12-30T21:16:06.207571Z,-12.995
0xf303f741c03e7186bd622bc66b87340c0ed8e30e,2025-12-02T22:28:23.208131Z,-44.87100300000001
0xe3d7097b619590cf2d5970251db19d23f42d2413,2024-11-07T19:45:42.037652Z,-38.169666
0x9d730f155f0ebe69644efb18d1c8ed5ba473be4f,2025-12-20T16:01:41.210294Z,0.0
0xc25969968619217c4ec062a474a9672b990b100f,,-2.0
0xd17dc5a2161c84d37f5dfed47b4b56e614701534,2026-01-02T05:22:24.292484Z,0.0
0xcfdceaac4912b9a56ce2d837269270c0bff85a2e,2023-11-05T08:50:52.724Z,53.89999999999999
0xeaeac70e7268982a05711ab0b0a63bbda74e673c,2024-11-06T14:18:06.032266Z,-1.0
0xeb87fa85b56d268bf556cc28d0f778eff8b1ff42,,0.0
0xb194c814b1bb93657ae233aa98fe9f9467b01063,2025-02-23T03:29:12.382202Z,-53.54643
0x43ec89f3f28ac46facf4e15e8cc851a9c4e2e7e0,2021-12-05T07:36:34.546Z,0.0
0x83162ce696715bcc7800acbb46f0d270d648457b,2025-06-08T16:53:08.920912Z,-1.75
0x15fbb72229b00756f43f66c9d51cf7f4d7a67aca,2025-11-05T18:39:30.054708Z,0.0
0x845e74d8be1b215f13f239bb3636b706d956d22b,2025-06-11T00:42:39.118235Z,-20.0
0x16ce1f954bfae560af862712fad9dd261f4ceba1,2025-12-08T15:54:43.314059Z,-5.0
0x4c6df6968391b76d2ae1b99cc466c51b296b15fd,2024-10-11T16:59:53.910026Z,0.0
0x18de697a860f8a92b4b4a320bf3354b1e2f11f14,2025-12-18T01:35:57.426842Z,0.0
0x39e3a6a7be6a8193b03670558600b220a317952e,2025-12-30T08:31:18.629984Z,-10.41726
0x2d5223c1db058c214deec3bd360ef82aa56cbbe8,,0.004443
0x81924e30a4fe9e1eb715ade61296be6fa74c0664,2025-11-20T14:57:27.42277Z,-3.98898
0x50ae28fbc0603cb00479e234e25724a26de44bbe,2025-12-31T01:26:49.776672Z,0.0
0xa89a3c309a924402ebb2b33a43a51e35ed2378e2,2026-01-02T02:50:25.526503Z,0.0
0xbec90ce5a1324c0456beaedde6c04ef03dd50ece,2026-01-01T21:41:44.018671Z,0.0
0x3313eaab6f6b9b5e3d79513c687b39286a8a2512,2026-01-01T19:51:12.110046Z,-14.59
0xb6d9e632de222d4b341cd16bca95b31c898cf359,2025-10-19T23:25:32.653449Z,0.0
0x1b52922dd56937e465abfeff2918edd9807e5a83,2025-12-11T03:54:51.99412Z,-2.119064
0x8e473b4cccdf32c26c2c3e8e8d04b03193bf4bf3,2025-11-16T02:57:05.563776Z,-2.229797
0xbafcd1bd9d5454ffd99056f7d81da6335ad626c1,2025-11-08T00:57:04.536605Z,-2.069699
0x13f6809101faef5766be4697e24b4510a76960a1,2025-11-08T00:41:46.84011Z,-2.119072
0x84ee8a95a0447311171025f420c5fb629c8373bb,2025-10-20T17:42:22.434612Z,-2.049373
0x9111e121f184537d4d0c9f14c741b10820586ef0,2025-11-16T03:07:58.166234Z,-2.269247
0x6c32ecb7bd8c9ff7f5736a8848ea5a0c21c875ea,2025-12-28T22:20:42.549241Z,-2.049428
0xf1645f80d7d9954cdaec50c2c75254b60ea2252d,2025-12-28T22:10:07.194537Z,-2.319807
0xf6191a6849dc92754f65ab0a0828d841c72971f8,2025-12-31T01:17:51.631039Z,-25.98176
0x521a5937948a3c1e4c62596651be096760794b39,2025-11-30T05:54:44.874588Z,13.925957
0x0719b3aa3a8895becc55cdf61c43f387c3ada8f7,2026-01-01T05:44:45.552338Z,-152.847
0xf7876f2a335074d49d9238e2bd4e71d6dc30ea5e,2025-12-30T23:02:54.324136Z,-119.586133
0x71548332cd2310105f530465426b4196ab70c925,2025-11-03T07:44:46.994317Z,0.0
0x3e5630959499c5b5e55aceeeeae7446933d335d5,2024-08-29T22:02:22.122383Z,-14.162856
0x982db93c9a09696a745d0d8fbbe271ced54f4dbc,2025-10-24T03:04:56.234634Z,-2.209208
0xab316f395004c56d9358d7c622b442d8ff85f1ac,2026-01-01T19:48:12.605904Z,-1.9995
0x8a68f8fe67eaed78856c5835f0e57437f02d22df,2025-12-20T12:56:19.175727Z,0.0
0x69aa9fa621403e3a121b29ad77d32ba9eb5e8847,2020-11-22T23:27:17.02Z,8.724
0x06cc8454aea0b33527b160ae19dac9c18dda0b12,2025-07-01T12:22:35.360566Z,-1.0
0xeee10f2b13a7b78d39183952f70357ab1e445a04,2024-07-22T20:19:04.526307Z,-73.991134
0xec88d41a4af74c3f66ef8da67aa8c9104ae4189f,2025-12-30T02:37:20.493467Z,0.0
0x448861155279dbf833d041b963e3ac854599e319,2022-10-28T16:53:38.397Z,141.382874
0x111b64194b29169259a70ae1b21209d73265bad9,2025-04-01T18:23:10.695221Z,69.81849
0xf95d4f8f524f5fa3dbef41f45e52bcad7d84ca8d,2025-12-01T14:47:50.947236Z,0.178682
0x9b19e731ae2d00a4635f46841a3b301d77f26b1c,2025-12-25T06:19:01.431016Z,0.050050000000000004
0xaa4c3f19aed6694036f8fd9a3fa7cbc8512d8f77,2026-01-01T00:25:30.808509Z,0.0
0x491213da9c46715364098c7b8a08ae5398b3c24e,2024-10-17T13:58:09.683855Z,-156.041847
0x3f184e5e7fe4d601b7cc106882c14d0b23259cd7,2025-12-28T11:08:09.084964Z,0.01001
0x7c3db723f1d4d8cb9c550095203b686cb11e5c6b,2024-02-09T01:08:31.155094Z,1342.292141
0xc2cb0630acff784ffabb2af7a69f66bb7bcbfbf5,2025-04-27T16:39:07.326009Z,1.52235
0x9973b52a872e0a39657d812c1bf2e5ee48b4bf2c,2025-12-24T01:01:20.48978Z,0.0
0x1604b15af9eab550175b268dd574a155c5ebff0e,2025-10-17T11:21:46.963916Z,64.181335
0xa62e3bfac06581ca90399462cad63ce10d072e72,2026-01-01T22:52:12.318574Z,0.002002
0xda02bf1ba1462e26f07966550537b92542e76900,2025-10-19T04:19:10.54506Z,-1.15
0x09c3cc90e0943af36d216806c932fb66dcc342eb,2025-11-02T15:13:29.311265Z,-1.17
0x3cecb07e8edfeab6adc7c8b8c119807cc7a48943,2025-05-17T22:01:30.125679Z,0.057
0xa66790e2b0075e73c3781ddaf1d0b875a3aaceb3,2025-06-22T15:39:04.422069Z,0.270732
0xd8f64d26887494449425efcd462e17bff33bc32d,2025-06-10T08:36:07.190369Z,0.082
0x7bc7267a633f4bfab2cc637b2567827e19268a02,2025-12-29T22:24:51.026456Z,-1.999498
0xe0ba0696546306ee26628a4dfc5c7d21a585ff89,2025-11-08T01:35:46.309948Z,-1.0
0x5516c6d8158f8cc47236c45b7defb10d705a0472,2025-05-16T01:39:13.983435Z,0.064
0xd3b0cbfc2d280da03f06c4746571f23362cd9e97,2026-01-01T18:22:23.351939Z,2.463943
0x505e11d5604818639790925d031608646d5daffc,2025-08-17T13:09:58.390801Z,0.341341
0xce864690322f82a7cee9e778220031a600fa8fa9,2025-06-09T19:54:44.456565Z,0.0
0xf47fd4990297c2d6cec268b3656bf284fb9f79f7,2025-05-18T03:41:00.893179Z,0.049999999999999996
0xb01554c2e192b7de79ea886f6513f7137956734b,2024-12-05T19:32:52.218111Z,0.0
0xa8db1acf83d9a28cf1c892af6b493ee0bd47bbdd,2025-10-20T10:55:22.969198Z,-23.999329
0xfe70ffaf9e2eaa498f7b0898fe95ae2efd33d9b8,2025-05-15T17:04:28.00055Z,0.049999999999999996
0x818bc4f8d59780524de4a44695f8db26e157ea84,2025-12-30T17:27:23.986242Z,-269.943999
0xdf7aa0ffa9d2316e1170f1836cf9caa8d77b676c,2025-06-09T20:26:04.133944Z,0.081
0xe51abbc214c832cf44463db0f5f3ed421c742665,2025-04-22T03:46:45.314544Z,-38.472094
0x0bf0fd654359036f6cb7c9d1107beafe60060fe7,2025-11-30T12:11:58.077165Z,-3.999786
0x9cace9090723efd56a13ace2e3f4e2eddf542d4e,2025-05-19T12:57:27.84409Z,0.105
0x805a922574d7d6b158b7bbb49a6fa8925eb60635,2024-10-21T00:27:58.451298Z,12.22
0x0357999ae200a3fc1dad92b2b66a20633b482457,2025-05-18T00:12:26.651929Z,0.0
0x0fea2eddaa7c24b9e80463c97f56c0cd22e897f3,2025-06-10T01:32:35.109655Z,0.057999999999999996
0xbccb3304cdf165071f47d7521e83b00a17eb78e8,2025-12-30T17:51:42.128791Z,-1.0
0x44a562418a24841cf603fee22d8287250a353d27,2025-05-19T00:12:29.441265Z,0.069
0x9aa727ffdbe9558405e596f42f98818026b7e00e,2024-01-10T21:06:42.411Z,0.0
0x8750163b355eb4dee5e1a57d595cf840d854e96b,2026-01-01T17:54:05.04592Z,30.82264
0x6828e04b468e17d92fa1e5d60d59290278a81056,2025-03-18T11:24:16.85974Z,294.01645
0xd08125f9b7f4eb855f4fccf77f189d30f27e5ff5,2025-06-10T11:43:08.789481Z,0.0
0x8ff8bb7a2c6b9b03e3d1ed586a21421cf6c60dd4,2025-05-15T06:40:33.17528Z,0.07
0x8d07692868f990fb57026d35c626135f9f27d3d3,2025-05-15T19:14:18.522386Z,0.057999999999999996
0x4a013deb85d39aa250a182be0b8f87731e9c3d89,2025-10-02T14:04:10.641242Z,0.0
0x5ea9a21db9de280fdee5fcf76af648625b021a13,2025-12-10T15:14:53.094619Z,0.0
0x950b4769972484b68f6ce6644864f4a7fc686103,2025-05-17T03:14:58.812776Z,0.071
0x8da3521cc2cf049a380e9d4efe7ea35e55b88a67,2024-01-04T18:59:17.662Z,0.09999999999999999
0xd86b73db56bb489ca4176df855dfbeb460171924,2025-12-08T15:17:39.857618Z,-239.455608
0x6f42bbbdcb75a73186b27029fc155392c110285d,2026-01-01T20:22:41.591624Z,0.0
0x2ca7acdfa8ff5300ad535f177c01083588c449dc,2024-08-01T22:11:13.247909Z,-1.0
0x61d06d70e31b3fc5b6b6f23d9a594a4b740fd9f9,2025-05-18T20:12:04.911009Z,0.069
0x2099a46821dc11bf3657eaa39ee639be65827b21,2025-12-05T16:00:00.714072Z,-30.0
0xb0fd36a3244a49558732211612bd73e04cbdf74d,2025-05-17T21:05:14.040655Z,0.063
0x35cff92765feae5abd58ec748c23de1edb28ad89,2025-05-16T07:07:55.887924Z,0.071
0xc1dba22db2ba0711ad1b133f98476d23c3e29dc6,2025-11-01T04:02:09.491337Z,0.08399999999999999
0x32998141f2412d408353399882db808380702d7b,2023-11-06T18:12:58.654Z,1.084747
0xe09e3d508e9e29b61720700f841fa0d2ee6372c0,2025-05-17T02:36:22.409251Z,0.057999999999999996
0xc4fe281ae710825bd530ecab1105624e64e4ddea,2025-11-01T10:57:14.468338Z,0.10800000000000001
0x5576d37a5b25462d42bd6a376cdd839654a78081,2025-12-06T02:07:27.131968Z,-0.059004
0x926c3d8563b80ca3aa8f8fa219cfafbf63255daf,2025-08-07T17:45:56.67917Z,-5.0
0x475b58b3d6e1f8b199ef2a335b31b26ef9d121b5,2025-11-01T10:17:47.95195Z,0.077
0x5bf6aa22fb5525607a8f5e1958af6531a945ab49,2025-05-16T05:16:09.389622Z,0.049999999999999996
0xc30d1e271868944c4aea6e9d2992f32f8c9357e6,2025-12-26T21:01:20.005987Z,-8.248874
0x73c42e13c1755f924ac19b542edf6c1c78c4ba3b,2024-11-04T15:42:29.233881Z,-44.656652
0x75b7e0ccdadee0f50448fd5896e3cd3be6d9d8d2,2025-06-09T20:00:04.433615Z,-1.0
0x1885cccbc86fecd36b056a2ee151ef76cd8c2de0,2025-05-17T01:29:03.560061Z,0.0
0x7494692fec8dfa040fc9dea7747bbf6d7d36f5ae,2025-09-20T21:41:40.676209Z,0.075
0x9ca8c213664b625457fefc2df8074e4d1b06935c,2025-12-14T10:25:46.937868Z,0.0
0x85ad8871509d5839ed0e2858b9fcbbbc3bb5cb10,2025-11-26T16:27:38.613701Z,0.0
0x337317a6f73bb735290236941cba9e69900f3dce,2025-12-28T19:32:44.261229Z,0.15955
0x8e2911a2727ae87ed08af65a134992ce87c48a71,2025-11-01T11:56:26.43804Z,0.111
0xf6c7dd2bf64849b0959a8b444bd9f40e95e011c2,2025-12-28T16:25:30.623434Z,0.14044
0xeb7456f7f5429912a6135caae264cc2d368efad6,2024-09-02T09:46:42.545199Z,20.598606
0x908f3ed361b96c4f0554b72184949cfd523c5900,2025-11-02T14:39:54.370029Z,0.0
0xd804dc0c6b8f530ade6bd79d29dc449c2a47f6e8,2025-06-24T23:14:55.845152Z,0.104
0x2182df5bf9289f3e8f39326aca67ae1d0c531ab2,2025-12-22T12:03:35.600524Z,0.19999999999999998
0x4ca83b6bba1ed490e7da7e542c402a4a6f123f66,2025-12-30T17:02:21.949404Z,0.09999999999999999
0xdde24dffd086a7461d5e4abfa2610051b4e9e5e6,2025-11-04T23:47:52.956822Z,0.087
0x0cafa7a5699ff52ad5166bc3b758ead6177df482,2025-06-24T17:12:05.623151Z,0.082
0xcb2a254744b8f940a39f0eaffc8f22bb50850e69,2025-12-31T18:56:25.655487Z,-1.5
0x3acc7af8882e99b397b2562d49dc08a9c0530458,2025-12-29T16:41:58.901773Z,0.20029
0x0f3672bd1fc31e1695060fed1871fb6779fdcae8,2025-12-20T12:40:41.93744Z,0.0
0x3a70c572f3d4257833e9e6456e49baf2ccb13999,2025-06-24T18:12:41.225595Z,0.0
0xd64f2d26bfa19eb4fc88fa4e5f955c34e84aca8d,2025-11-03T17:55:00.784615Z,0.081
0x1d145fd334642bd83be3dbcff3ed6a4fc57eabae,2025-12-30T11:14:53.235757Z,0.006023
0xa410e3271e2dbe92957fd47eb3fa5d2ef7155169,2025-11-21T11:31:38.487423Z,0.0
0xa8ae2fb989de545c42c376d61ec887868ca57f3e,2025-07-01T13:01:38.219852Z,-10.08
0xce949e60cb1c60c8c8305b4756e428336ad55d59,2025-12-09T06:38:36.563895Z,0.0
0x33ca7e3df53bb9fdd0d0d01408c9d70b3ebcc40e,2025-12-30T23:59:26.540921Z,0.0
0x41af852ae83c88d2c7d44932e5707f2bfba3b360,2025-10-31T22:32:51.659046Z,0.08399999999999999
0x561a24bcded2d2f612a567bd1d10cafe5b75793a,2025-05-14T19:42:11.677827Z,0.055
0xf9b38f0518d362f3b3311a7d0419be853f75863d,2025-05-18T00:57:22.472544Z,0.051
0x9ecf652bb0c63c021d60f96e03dc4bc37ea6da3b,2025-12-25T01:57:00.047262Z,0.0
0x0e348a41361292be27beab7ed1dff3b77e9642ff,2026-01-01T08:04:01.036578Z,0.0
0x40c321c045b14f1dc0ddd2f9499dc05140676fb1,2025-05-18T09:21:47.22212Z,0.077
0x9b75bcbcaaabbe9ec70cae4f0e0118e8aaabb1a8,2025-07-08T08:41:20.917129Z,0.0
0x71b971676cea47232bc3868d369532f819f4cd66,2025-11-04T23:03:04.455651Z,0.0
0x562cab5903f4b0e54dfaa95d51eeb64075a9e802,,-1.0
0x1ae725e7d2ebc446d94fec138bbc8bffaae7a4b7,2026-01-01T09:54:17.328925Z,-1.0
0x0f6004b98cd021f1447ab33df1d43abc72af26ec,2025-05-17T22:33:53.702139Z,0.101
0xb7b754bb08c280dcb866b4f5528adaea3128873b,2025-12-31T12:28:30.175737Z,0.0
0x4529f1b986163adc2708d9fba79b7ed99390d20e,2025-05-18T15:40:20.884024Z,0.0
0x2b00dff5b8ec26e0144919191c9b4b6357d43b6b,2025-11-30T17:47:07.861887Z,0.0
0x5c462c9b739df67118ebb3331f44a4ac9feca137,2024-12-06T20:10:04.004677Z,-13.996416
0x537692300685d4e83dadefb099287e4dd655d980,2025-05-19T05:49:21.716819Z,0.07
0x44b644a57de19be1473572c6d0238d86312be1bb,2025-10-23T23:57:47.971502Z,0.0
0xa200037638624bacea6b0f4dc47ec397e56fd874,2025-05-14T20:35:10.152294Z,0.056
0xba861e1fca0ce9a6c5ee50c81254c2f6937ab2ac,2025-10-06T19:16:15.660567Z,-41.457871
0xe598435df0cdf5d22bdd5082d557f75f9180a0a8,2024-12-17T01:52:56.700099Z,29.264026999999995
0x95c8499569dac8faea4f9a21c553184b4202f511,2025-04-17T05:07:04.890836Z,0.0
0x62ed259746f19b4cb2214403279bb69c4a690e66,,0.005285
0xb6c2219edad1d8d10ff56a71fec0ececaac8ffc7,2025-05-17T18:26:01.204699Z,0.0
0x9c2617462567859fcf5764e03b9a687ebca274bc,2025-12-01T20:22:52.134237Z,37.35586
0xa8c63f775ddbbe66b56614191747def3021444e8,2024-06-25T10:42:53.303986Z,162.797232
0xa57b7c2a33a165c10e0b050bc203b008211832dd,2025-07-26T13:20:17.886366Z,0.0
0xa5acfc7a09973fb135ffa9ed9a5799ee89cf582b,2025-08-27T09:41:20.037297Z,-1.0
0x8046d7904ff6fb6d08c8f43050db871f8a2dec1d,2025-11-04T19:43:23.115877Z,116.556828
0x4530824caca94ccefca54a35bb08aba1114b1e1c,2025-12-28T15:10:45.270294Z,-119.22543
0x7e524923855aa857cdbed124a879115912233639,2026-01-01T11:32:41.880141Z,0.3
0x4bf459194025b2ca11a2db2deb9ef2a08c467021,2024-08-14T01:39:14.574481Z,2.444208
0x6d224f4a9b556d262f34bf1db2319ab2a6bdea55,2024-08-07T00:36:49.800979Z,-210.650323
0x585217296c6bdb707eaa83319578cf861b7ae664,2025-12-18T21:59:22.988815Z,0.0
0xe8a7c0b2c78dceb49b2bb0817ff37bf13b20c690,2025-12-30T16:19:28.529647Z,0.003052
0x3de2e890c758a13eb23afa4faee3bd49e68c0c64,2024-11-06T07:13:05.681331Z,35.02
0x48293cff716d4189ce1b34cafdb1826bc07eb28d,2025-05-16T05:26:09.978413Z,0.067
0x69855127928e787e91e0d1f44bba6ccb312aafdf,2025-12-28T15:35:02.552883Z,-153.963999
0xf0f97319019d46a3f972f8ed3f67650c12cf086c,2025-05-15T22:33:13.955772Z,0.0
0x095dcfb123a4bc035ee6b0d624bab0cc964352cf,2020-12-01T17:19:03.876Z,18.58786
0x49b1611e376bb528dedd1429f1bdb99b79f70f4d,2025-09-29T08:42:28.161327Z,0.3250789999999988
0x77da28389008a8a88dda4f0bba5e04c21dc60952,2025-10-20T18:49:55.60068Z,0.0
0x896df9708e37bbe5b866fb51a6cd656cc550bc00,2025-03-31T07:18:45.81048Z,0.02002
0x052848d72f3998ea701f7879b3392b91f6eaefbc,2025-12-21T09:05:25.263682Z,0.001111
0x211de1500d2dc82e225413761acb83a71a76cb8a,2026-01-01T13:18:41.331969Z,0.0
0x17bff282cf6b878580e7b08fc81fd114101ff310,,-1.0
0xe4494af6409888efc2e119967b708e97743ff1fa,,11.266934
0xcb1cedf6d2b4f8d1b7b5de31afc2fc616b9bff82,2025-12-28T11:24:13.742326Z,0.0
0x17118a3b7de1327ba54fbb9eee730cb996ec0528,,0.00891
0xeaf5950718482a1f059b1a248af634ac2f2da7fb,2025-11-25T07:28:42.038431Z,0.0
0xcee853c7b514aaf5e892a0100105f5d5ffb8cf81,2025-02-15T09:56:28.465722Z,0.0
0xb80e5a2eb559c0756de8dedbf669bc8657d5ce8e,2025-11-06T19:24:37.310257Z,0.01003
0x364f935ccafae7bb980616b81999239ed816562c,2025-08-31T17:36:26.303183Z,0.010055
0x7c48aef136643871d40397a518bd041eff91cf0c,2025-12-30T08:58:56.641254Z,-1.0
0x5fb2631c6afe8ef30a966655f69e65cf90abe4e7,2026-01-01T09:32:29.877245Z,0.0
0x9a65ce6564e7f614979391c63577d2c61de002be,,-2.26
0xa8f0c0d83c7f969cb8cf51d4ac09a5e8b57243d1,,-9.1
0x54821320e3351e819bd407fa2b747f10fefbcc66,,-1.07
0xb96c245ea7b7ecc0f1ccae69a84973679b8135c9,,-9.1
0xdcd669c506a938bae9269a84b8bd2bdb220484cd,2025-12-12T21:56:54.232011Z,378.74295
0xee57ffaad02a05e3b0e720733d57c69d37fd50d1,2025-12-30T09:04:10.307128Z,8e-06
0x1b8c640491a97581ee5c666e3c56be922386fdbd,2025-01-21T15:01:46.077109Z,-0.00025999999999992696
0xd94a60fba6f0533cf0e3147899cc43230008fd69,2025-12-26T17:46:07.709104Z,-0.13332
0xad0a15d44623116ac564eb3f1d5ac33c6d3b7898,2024-09-29T12:41:54.742595Z,-1.8184130000000003
0xcb21578cea396ffb1d9343c271501e515630a2ea,2025-03-07T06:04:54.627427Z,0.001001
0xcdc40a4b6c7e13ee4593b02283237aebcfd9e602,2025-07-14T01:39:15.571713Z,0.0
0x7e0d46eae570fbea63b79934edb1311ed1201407,,-5.151401
0x4b8f419fd89ae247ebccfddd3e501ee77abdef2c,2025-12-28T07:59:35.827307Z,-0.28014
0xff4b1f20ab269d3f82287428537f8b533cbfd019,2024-02-02T11:20:06.264865Z,0.00634
0x0224bb9eb0a5c9fd261ac9123a72cbdd5748292a,2024-08-21T21:57:20.931328Z,0.013699999999999999
0x17f0b79bae4c986b854f6be30f1fca8c484dea12,2025-12-07T15:57:06.950002Z,-0.999704
0x57e7524540dab9c34ac66c73924911140ac9c118,2025-10-26T14:55:54.351597Z,0.004004
0x2a9943a4bb7852e023f673a3bc2bafcbcd227059,2021-09-30T00:11:36.279Z,0.02006
0xbacd00c9080a82ded56f504ee8810af732b0ab35,2025-05-06T04:56:58.232766Z,5424.141092999998
0xae4543bbbcc1587fb180291f621b7a840992cce7,,-99.85591
0xb045c852b8035b3223453efe3754bb33e9e0a204,2025-11-29T07:18:28.191185Z,-0.23464
0x7c33a9135c1cf344a3524852138553f41233e721,,0.249199
0xcc90a67b2f27cbf288344fcb1458848e01bd9e95,,0.14475
0xb20bdfccff289b23cb0e6df825b1cfa724228da0,2025-11-01T18:22:52.210996Z,-30.289326
0xed6fe7fb623fe9a01837fa309241581e186210ab,2026-01-04T20:23:27.104191Z,0.001481
0x43bc88f6e1c8102dd8fb3c324d58fcf85d479d6f,,0.006006000000000001
0x8f7a4b414417911e7e9bd738399874792cdbdb40,2024-12-31T23:55:56.616678Z,312.305443
0xce720b24a33fe1305d2274fe2a36d466e0a5dd8b,2025-11-10T17:02:53.642756Z,1.560732
0x2aacd459eaea420eb0d7b94c7b03238786c6dfad,2025-02-02T02:43:17.433826Z,43.737849
0x906c721040645c5e754135fa457e68e04575a80d,2025-11-28T22:47:50.519705Z,-4.149123
0xdbdfd2213033555336721681c319d22cf0ac5ef4,2026-01-01T02:08:48.757582Z,0.0
0x73840b6d32bde68a310b4c847ea74da575c5d37a,2025-12-18T18:01:47.343597Z,-2.0734540000000004
0x97f704f57e01afd4346034921275b5a9caba2c96,2024-01-05T02:47:33.705Z,-5.949076
0x60ea2cd2feee858989c14a9e13cd126a876d3534,2025-12-23T07:07:28.359673Z,-0.66666
0x038f2ceeba145ee4e1fe8ae91e1ce2929642ecc5,2025-10-16T01:17:47.982308Z,7.781752
0x95074f700f93bdf6e62fc965e0832064c0877b04,2025-12-31T08:39:50.296468Z,1379.726057
0x4a60bf806d191015e5fba2eb215dda5f6c5f89b6,2025-11-17T16:56:47.258667Z,-65.161782
0xea9916a5cc71b3885119dd836cedad0b39ec61ee,2025-12-31T10:01:06.701659Z,-4.999999
0x4ad9347e07d1be738c41b7e00fd1dfc2981fa618,2024-11-05T17:21:38.677237Z,-1061.26229
0x949a5b5855195aad73582a791f9d67e3fa67721c,2025-10-10T01:14:58.736132Z,0.0
0x3838f51dd3e558db22a10a1ba520a81b4aa02c6f,2025-12-01T20:43:45.548527Z,-1.41
0x85ba0de42cd95173b0b66157ec4c4b9be5f6578f,2026-01-17T23:19:05.284159Z,0.0
0x5edf4ca130dbeefbaff0bfec69eb015599173a0c,2025-10-03T03:52:46.341633Z,3.3858049999999995
0xf0f0e017aca337d16f8481fe2a2272955f3bb130,,0.0
0x35d19917d88e8a8e36f21a6a9599e94987932c70,2025-12-30T10:12:14.432688Z,0.0
0xfd319c19a7db2020fb37c1fce82eb65f6db9293b,2025-12-21T07:27:40.602138Z,-4.998
0xd0de724f80713bc43be6738472e2c50a8c19a9fc,2024-09-26T04:36:35.478472Z,0.45930699999999997
0xc682d7943aad07c246986a7aa2989cfcb17817bb,2025-10-27T12:19:30.860363Z,46.729117
0xd2e9ab28c6bc4d09a08fa65a0afc4aaabb2e2cbf,2025-11-23T17:06:09.94227Z,0.0
0xe38c067595d16fbbf055e11e6a46537af70923b3,2025-10-09T07:45:46.482761Z,-1.6442159999999997
0x74c3f65f6ffc0bfcca6628502a5c4d04578cbbe6,2024-01-04T05:46:09.905Z,93.716229
0xbae242171969618fe17f12170445b370505a05f2,2025-12-20T17:08:34.729877Z,-27.598333
0xc59cd07ecb33fc43fe3cbd24e08e7a826d402e4f,2026-01-01T01:37:07.584839Z,0.0
0x36a7e80b487b26eebce266da0640e33dd4651aea,2025-10-09T13:41:21.498795Z,3.3
0xd190a4635bed4f1c2d9d5a8b367637ce5612c9b2,2025-12-26T18:22:20.553412Z,0.497868
0x6dde6b1b50bb9c47a58ab903f2909276b0968be4,2025-05-16T12:44:52.05157Z,0.0
0x5d299015e37aacee1cdd2287f4a036bce581af70,2025-12-29T15:47:13.848867Z,-75.961341
0x209fe6fbe779500d6401eef65b370402821b553c,2025-12-27T21:17:21.337418Z,0.0
0x7e50d84d9fe64d7276f3e1effb231115dd45e454,2024-07-27T12:05:42.726201Z,-12.4
0x8e64c06fadcd00d5139f79a4e4977abb9e463188,,0.0
0x31701ffc68d91caeb2d4a729342fc6048ee96bee,,-0.25
0x9d12d54266643f08e660281a08e044627569bdf6,2025-05-22T19:43:44.412281Z,22.86496
0x6000f07d725ffb486f29021de81ad9175c3c4a5e,2025-09-18T13:39:41.33422Z,-45.06
0x5052171caf251b9cd465f09ffdd78dd969237e3a,2025-12-22T02:13:51.132386Z,0.0
0x3a912b26fe88de1eb416be0d25145025141188e1,2024-10-28T16:06:38.15147Z,-5.2
0xb58120a869601abf58606505e15817ea1d5db496,2025-11-13T21:20:42.815234Z,-39.995999
0x8ce67ff6ef59e912642b25442119a1f26fd181a4,2025-12-25T01:02:15.881993Z,-2.8094730000000006
0xc11eaf9f46bdd6a737f28edb716a22c6ba4b75c8,2025-05-08T17:10:05.204736Z,0.0
0xa7e83739c6119e8601db08860743ce54c4abe418,2025-12-01T10:11:31.456225Z,0.0
0xe9a80665c18e8d750deaee4bf28ea32aa5ae416c,2025-11-01T18:02:31.270439Z,-580.987299
0x194d29f749e52447bb1c17dc41df375bcbbae424,,0.001111
0xe2fe236f8c6dc101dbf69ec2fcc69451486e699d,2024-10-11T11:40:46.62585Z,0.002004
0x97b20958ebed39b14f95dc6b454414ff082a1c44,2024-07-23T16:51:42.65237Z,-3.0
0xffddfe2066a1a49800ed683037fbcd87b426c06f,2025-06-23T16:47:27.484961Z,4.65498
0x952fc7dce54c3d91d2e09fd2d702bf99b2176201,2025-12-30T08:42:11.582552Z,0.002004
0x109ef2977681e7d36caac78d45c58c3b74950a59,2025-06-13T02:30:41.91652Z,-96.32
0xdfbedc60d8f78b6c8b1821f2b1c818dd688577c5,2025-10-11T18:56:34.668496Z,5.012487
0x28eb424e0ba50b9b3b11dc6b5b592668ba2f2fac,2025-12-01T16:03:42.291163Z,0.0
0x3e426d5b3a5aa4bef22826b5b98de6497c798f95,2025-12-27T06:08:10.400288Z,5.209562
0x8396c8d6f94d8eb7075cfdde8e9058a91c370de1,2025-12-26T14:56:15.04295Z,-0.02418
0x6a88c5ecd262e2c42e78bad8e6db7ab3c4e4b859,2025-10-08T10:37:33.115034Z,36.412449
0x2a1760c68433f32408716cadc04415b39b3bad3b,2024-07-08T19:30:26.42737Z,-181.2125
0x64e86fefd50cdb6259eb00ff146d9aac03497819,2025-11-14T11:02:07.955922Z,-5.15752
0xbaa2bcb5439e985ce4ccf815b4700027d1b92c73,2024-09-04T08:13:13.495279Z,193.0093
0xfbdc6358fcd486c14daa97e222f89c4dd28d3d54,2025-10-24T09:56:29.070018Z,-2.6640000000000006
0x27633b9c049d760c7163def6408e84b2b49b5eed,2024-06-04T17:02:15.336316Z,0.002004
0x034605564e11c374ace5361941a919c024089873,2025-07-13T16:57:09.086476Z,0.176
0x75ca4f42414d92d470299064126b6f5c1169647c,2024-12-26T14:09:27.96067Z,0.027675
0xfc27cb1c6276dde8b9d0ab9c499041409cd0be92,2025-10-31T19:03:19.159731Z,0.012024
0xc3a1f9c932c3cba56f735cdfcdf63b593c99c8e1,2025-07-13T19:01:38.948039Z,0.19
0xffb77b9e638e5157fbe14bfff025f687eddbb020,2025-12-29T09:25:03.339358Z,0.0
0xb10047d6a254b2ebb306d7a7d13bf59171ab6461,2024-08-03T12:57:23.395918Z,901.305873
0x7fff822c173ec963cef2afe3b64d95dfcbe61f9f,2025-12-30T12:48:04.260777Z,-5.142071
0xe2de801842b45740b922390bd8784b60758ee6fb,,0.0
0xeb1dbd8f71a365a48ec5fdb040275c1d5f3f6c0b,2025-12-24T14:24:06.804368Z,-1.0
0x8f4062acb9af26bbf6744505d39e6eeaf713eab2,,0.0
0xcf6a714618a328c608a1c70cb62a31a6bef3f9d0,2025-01-06T21:05:28.776746Z,1739.7257
0x84fa50883a0251e06bce7251659cc70a00bc1327,2025-06-29T04:21:15.268708Z,1112.719026
0x484aa9a72881b7aa1668d5c9571ac2e97261c6e0,2025-12-25T15:26:56.475229Z,-169.19772
0xc3c3b3ef304ddbea39fa2246e683a71da5d0eec8,2024-09-16T23:12:28.386771Z,0.015
0xcdb1f1ef8213c06911e4ba6a884176c5571e276c,2025-08-28T11:45:38.266511Z,30.652295
0x050ba5282a73195ef4684d41107cea1b0781c73c,2025-12-31T12:25:53.705506Z,0.0
0xc1ef9e6a1a7f30b5204268028065f08c0ce36bd9,2025-12-31T13:39:53.156334Z,-0.040079
0x5f0e3442d9fb7ab82c369ba28aea4fd816776e5e,2025-12-02T20:42:01.271868Z,3.273484
0x97473e76b53267ca8cb15b90042314b2fa157232,2025-10-10T11:45:34.136975Z,0.0
0xefca88957417f1597afdee487ded3e25d0b2b0f2,2025-11-01T07:39:23.422796Z,0.237
0x3fbebd6733a2e09e6c247c987cedc7904a3d71a5,2025-09-20T19:36:36.834487Z,0.234
0xb968ba0ffb11f5a5b5d8dbeed61b55bfd781c3dd,2025-12-31T10:04:10.540733Z,0.0
0x3f4858e364b74ae5d7b2629bad1bcdea4bb40490,2024-08-06T06:54:39.70739Z,0.0
0x7f1e7b3919081f6f1d341f0b79c4417ad25e720d,2025-09-20T22:15:39.382493Z,0.225
0x90f43fa085b5b1e2b66bf3619e1e85572ec228b7,2024-05-19T19:27:22.752717Z,0.0030089999999999995
0x260bcde36340594708065de837b0a8bd82759670,2025-11-01T18:40:51.952896Z,0.294
0x9902a3bec9c73e998640d5d3c75d9f8f91c68a94,2025-12-30T16:42:50.470153Z,0.0
0x6631482c71425de0f61cb682a2ca15e4e47fe50c,2024-05-18T13:45:51.960119Z,0.0030089999999999995
0x5fec27fd452baeea2a35b261b23a7953fa04fbba,2025-11-02T21:08:42.634136Z,0.0
0xacfe2bfd96d67e1cf3bbbaae386c0296198ad62c,2024-05-18T17:25:19.403663Z,0.0030089999999999995
0xb366dc3548a21d51f4dd3ce5124d7000d24e73eb,2024-05-22T12:59:48.309955Z,0.0030089999999999995
0xa8d9de031963fed9f30798d8db5867d10c646986,,0.0
0x8c946f9ff47411f18b7245a5d0a28e16183e1175,2025-12-28T11:26:35.946721Z,8.027963
0xac56ec492200086cf2f52b39376c139b8b5e22ed,2025-12-25T12:34:46.064546Z,0.01005
0x8b6a9aae5690b091e23101751db1b41135374cfd,2025-12-31T08:44:41.664435Z,-34.0
0x662daabe59b5755d46794b36deda2d09ed0d0714,2025-12-29T16:58:23.526086Z,0.0
0x4079461fa79ece90e35ace142aee8e4445b45051,2025-12-28T14:26:42.032462Z,0.015045
0x55f5fe7c2cb0c8e3b12c9c7ad57c7b5740760a7c,2024-10-08T18:46:02.717882Z,144.56512
0x1b0e979539ce6772baba309b69dbe3fdc36af132,2025-10-08T23:44:42.085422Z,-1.0
0xbbe692afffe1ce3b8c21c7d1396c6c360e27fd1e,2025-12-31T09:30:56.271632Z,0.0
0x406b27c8efc58ed5abdd66b64162761b0731f22b,2024-06-05T05:58:01.572556Z,0.0030089999999999995
0xcfc4a3ba2e011bc9adea9d686f92e36f393e6f2d,2024-05-31T10:54:10.351427Z,0.0030089999999999995
0xa9456cecf9d6fb545f6408e0e2dbbfa307d7bae6,2025-10-22T08:50:05.991251Z,-0.04042
0xe6a41ddabde1512c3b1f73ecf619f4af1540cd45,2025-11-30T19:28:34.841459Z,-2.982576
0x3da12e89762253a0204383fe9bc61a43ac036fda,2025-11-05T02:01:48.164079Z,-0.001
0x4956888bdc82fd62bed8b4155223355342aa2a4d,2025-11-01T07:47:56.32012Z,-0.001
0xbf6fbbbe489e88c667a786ffc05629af9e70be8e,2025-11-05T02:00:24.64583Z,-0.001
0x6b9224e55e2eefe8936e2c0d4652826d4223d7b9,2025-11-01T08:46:51.533273Z,-0.001
0xf8b29fe7023d1bbf03715b1e19f41d72bed972e8,2025-05-14T20:15:53.678439Z,0.195
0x71b1e39cd44878c76074af783c8065210e41ac2c,2024-08-24T05:20:47.789168Z,20.485
0x1f6b85cb85876df272199039207b33166757267e,2024-11-06T14:47:35.29961Z,0.3
0xedf960747bbb11a40c26a5170c856a448082750a,2025-05-16T18:08:43.569427Z,0.249
0x7c40ef7f42e7a081b61aec21a62cde1cd0371465,2025-05-15T09:33:13.135923Z,0.204
0x4572a6dcd7e308347ca70fd328a9388c812234bf,2024-05-19T18:11:14.449591Z,0.0030089999999999995
0x27338f0f8b095760a5604060225281195d2579a5,2025-05-15T06:53:02.237824Z,0.192
0x74e2d1d25f25edd971e150b259b22997c3873333,2026-02-05T13:54:18.979543Z,-5.0
0x978a41b8bb224c405f71d241ea956fb272f4c358,2025-12-29T21:03:53.332554Z,0.0
0x68ac8f567639a84bb8d74cd908fb358b983a79b8,,6.514569
0x577ad90846691113c9e6fffd6bf0de83dfff51a7,2024-06-05T06:35:06.696483Z,0.0030089999999999995
0x0b498c2501f1c3a541f76218f083d48c92e7f2df,2024-11-16T02:59:33.458664Z,-1.359416
0xe0f55447c326c07d0c3f40aac4ecd69d7c9d694d,2025-12-12T04:03:57.493538Z,6.297488
0xc18ea2dbb0c8c2b400fb6cc5f6c9cc60b33efa07,2025-12-31T04:19:28.274277Z,-0.001
0xed8dd4a13ef8f8803c814945ed1b3f7d1c80606f,2025-12-07T15:18:03.885703Z,-1.0
0x726661343643c2bdf18dd4cd8b35cba5cabc116a,2024-10-10T14:54:39.723818Z,0.0030089999999999995
0x6bc74c392c320cfe10d5be61db978a58c8444ad4,2025-06-21T20:29:07.271522Z,184.494283
0xc8e21e0128be763c1d99255fe59ba6fd8f4cde92,2025-12-30T05:17:39.635687Z,0.0
0x46e29dcb9cd03b9f39bf5bf7759b07ea280ef8bb,2025-08-03T06:16:41.348898Z,0.0025
0x04be2e84b59bc5a0a4f28f4c62689d1852e8fde5,2025-02-21T21:42:35.418823Z,0.0
0x39045395ea6766be0303268dbd4a27dc24bd7c82,2024-11-04T16:17:00.479437Z,0.00602
0x6fb9c219e2924c33af25dee177460d577eba4232,2025-12-31T00:40:27.837226Z,-5.5
0xb73072f923dd9810eefbf496f59fc016248928c8,2025-12-10T14:41:34.890809Z,2.5489830000000007
0xaeab8d17859b7229eacd194275db1423c30b0652,2025-06-02T10:47:12.176771Z,5.906494
0xdce618af5e06ed3ef7cdf29723d6314da3cbf4b7,2025-12-31T00:46:53.438357Z,-6.0
0x43c5a73005470a4ecd3964b06c50e7e5a2c84d00,2025-12-25T13:43:58.999279Z,-33.17329
0x76210c3b4bc2dd6894ccac7382b2bb1968962c20,2025-12-25T12:40:10.395655Z,-0.09999999999999999
0x4d749452e86e1696b3182e869f646396ba264bef,2025-12-30T04:02:06.69278Z,-0.9999
0xc77a8ae3de307d7b4aa910c997015d1c45b4daf8,2025-12-24T21:19:59.574377Z,283.532621
0x852af004fd4b9df3ccd184137bda9e454c16cc3e,,0.0
0x1b5be749bf26e1d4202a024347f909e599270a02,2024-10-01T17:46:23.925365Z,-1.0
0x81b48888cc294bebb81ad71f889e7d171f12d86b,2025-10-18T12:14:32.319569Z,-110.999138
0x08f5165fc4daf68a49bf6d84e5e05c981b4828e0,2025-09-14T01:36:19.93096Z,1.473259
0x57b3348878b7d07bc40f7bcbf8a40738704d6661,2025-12-25T11:26:33.457408Z,-24.119999999999997
0x85538818d86e43239b36775e1dd32e64c4bc8689,2025-08-30T22:28:05.309322Z,-18.689832
0xee69ab9a48a4b501b9e7dbcfad3cd9759a6f05d0,2025-05-08T20:48:35.880789Z,-359.94
0xb2915dd7a1105bd0c58411cc3cef6b7a4c0d7c4f,2025-12-31T00:30:01.259302Z,0.0
0x82b57fd992f2e5c570cf01b35bea0ebc9b399af4,2025-01-21T22:40:58.991882Z,-0.999999
0x4eb601e831ba73bbc8e9f9f60aa636af632a5e8a,2025-12-25T21:34:45.208255Z,7.109682
0xdfa02d233fb8fed6e9863db812a67a48004acb08,2025-12-31T00:10:56.624072Z,-0.002
0x607bd7c7952b3d06f5880dd298940dc124a34012,2025-12-23T16:05:40.081368Z,463.491487
0xd66c9f82e795442780d8386124539efd2cf097e3,2024-11-25T09:15:20.720851Z,0.0
0x73a2250ea616e13aa6c172a0c9ad4c154b871973,2025-09-23T08:49:30.588328Z,0.02
0x5a6e72c7057610b5e540fef6cf9b2968ff9afad0,2024-07-01T05:47:30.215107Z,-0.00828
0x8828232dc619ae43d9136ce6b5a9d24618be2954,2024-09-07T21:03:58.975455Z,-2.0
0xb1c835158e86f39f0c1202eef84e8f1feb34dfa3,2025-08-05T07:47:54.6963Z,0.150441
0xf7f0514a88ea52d94edce25b8f7d76f3ffb93110,2024-05-16T17:19:40.849268Z,11.263863
0xeeebb3c25f573ddb79f8a8d5b50523f3f043f57f,2025-12-01T12:17:59.430818Z,6.006789
0xc95505b2aec7d423f6c148ed50944632bf639ffc,2025-10-28T16:27:43.216093Z,0.0
0xfed986944c8d42ffbf2499cc8a31bbf9190c0782,2025-12-30T22:07:28.650717Z,-5.13615
0xcdf4816f6fa91226162ef3d01f9716f9dcb1c500,2025-12-12T15:34:22.192933Z,1.687502
0x6d9511848ef1bc8daf5c98f00811e0410667558c,2025-10-13T20:14:37.27441Z,0.020085
0x05b715438364f61cb7199779be4692182e2a8363,2025-11-09T13:59:38.135318Z,0.0
0x55cf111046d83f3412347e1be8c2255e575cd0c0,2025-10-16T18:14:51.78724Z,0.0
0x0d78cffdd7feedb9adc7b1de54bc2809d0155568,2025-12-13T22:19:55.588898Z,-0.999999
0x02832864944a676d874fc831ae584802ded3c915,2025-09-24T02:55:23.816816Z,0.0
0xa738a892dab4abb2fcf772e61e87d962967b193f,2025-10-26T09:10:20.687259Z,0.0
0xa29614faf4cacc010ddbf5767dd72860889c84ed,2025-12-30T21:02:51.028136Z,0.0
0x7addce8a2853d5b9b067b7465a8dbfc4a87ff9f4,2025-09-25T10:04:06.684791Z,-3.0
0x02d38ac05ad050571d2722f949bc3c73a8d92327,2025-11-24T22:38:19.930604Z,1.072233
0x215c05ed84d97b9144bcc2999c1eb2fbc971c217,2025-12-11T05:27:38.579325Z,-9.999999
0x21621303bb91f430b37220bb2a73de2a3aa85020,2025-12-24T00:12:18.683632Z,-0.999999
0x788d2506c70a0d49b48c76d81719c4bef4e3b06e,2025-11-14T17:07:19.818973Z,-1.999999
0x8ab9b171de9ca60219aecb88f04cdd0088d9212e,2025-11-29T11:34:23.456399Z,0.0
0xfdd1d088cba0c1ce107845d052b55d18416a2925,2025-01-19T15:03:12.335538Z,1.1616819999999997
0x5ace8af60ae0de8cb62ca35b7aa4081bdbc19850,2025-07-01T00:14:21.211589Z,4.316413
0x7a1658af6f3d9f8b6912b217ce58c5cfd74af971,2025-12-24T20:45:09.643827Z,-1.0
0xb5fbde3fe795a874fa0ded5fcd7c7ba17a34db5c,2025-11-09T19:36:40.472595Z,79.75
0xcc7cc758832741d13ad773e7074215922e354ce2,2025-05-06T22:30:12.928066Z,-19.870158
0x6e1bebf14291b3cb776c35b0f4ea711765764b36,2025-11-24T16:03:26.625946Z,-24.999849
0x2d99e29c4f066ba32098c65e4c7454b277d94ca3,2024-05-23T21:38:01.946954Z,633.30258
0x90cd2dbd5b3d12f372bc95a9480a1fcec506c416,2024-10-24T18:13:46.962369Z,40.132395
0xb8ad2849635c9ce413f1fdd2e7b364bbfafeff58,2024-11-30T11:30:57.78318Z,-99.89919900000001
0xa137e565d30bbb077a0959e3b3a07e1ec26906d7,2025-10-15T22:24:17.579649Z,2.838596
0xb53e67e419fff26db290c01cb795231b232032cf,2025-12-30T19:01:24.819209Z,0.0
0xbc035e437c15311e36d63d596ee7224f2d836bd6,2025-10-20T02:01:16.188482Z,0.0
0xcc6084792e2456e0bfde12e77cbd6c42d2d7a16f,2025-11-10T14:55:12.436285Z,-99.999999
0x314dc5a2e46316b994004ec1605de3a8787a3500,2025-10-25T19:54:13.445296Z,0.40201
0x0776eb99a9825cb382575e1ce2d8c25bb6979d92,2025-12-30T12:04:56.722658Z,0.0
0xbb4392c333c4f3ef161d0b8497f09146fd939d70,2025-09-10T03:02:41.990446Z,47.1
0x3bea95fa9eace38f1f9cccb489c31251f992f95a,2025-12-16T23:14:52.312356Z,-4.999999
0x35058a9fae17b795a5a36ae041770f19b4564b43,2025-12-30T12:52:42.971721Z,-0.999999
0x5e308d5f1c5c4f22e70213738578c58b18969652,2024-07-06T14:17:19.43302Z,-19.999999
0x632e404bf58ce8619a173d54d3b0e1828d9d1e5a,2025-12-15T19:54:08.511563Z,-1.796656
0x2453d7dec5e6b76d2c97fbb5c87f93467bd1156a,2025-12-19T07:21:51.014135Z,7.272098
0xfa84f2d7aa990052e067bece91aca5ae1563bab7,2025-11-09T16:12:54.063603Z,0.104417
0x9a3fa403a6666eef75f92f181fcf13f9c051914a,2023-11-24T04:58:03.797Z,-230.820928
0xb27bd82981477a12de3cb669662fb9aedf9f17d6,2025-02-07T23:20:39.972184Z,2.424
0x7daef76de700d44bd802d1b057140f7da0120d23,2025-07-12T18:11:50.495532Z,-0.999999
0x05ddbe2edc2fcb293eb149028f45e93cec14305c,,-0.009738
0xa9e14ca224d59339646dbf58f57f0e474b710de4,,-0.14827
0x628e5c534610bfe44c7850d2f8c068a05b021d80,2025-12-17T03:17:23.46953Z,-0.30318600000000007
0xd786fe89305e38862f68503ed569fc439aa4057a,2025-12-30T11:52:42.815969Z,-3.396099
0xed5d2b4fb318e5f2654b01ab4eea9bf93fa7bc81,2024-11-18T07:18:07.397658Z,0.06018
0xbfc0737e3f80622e67407d5c8df210e2a306ab69,2025-06-17T19:31:15.497075Z,0.0
0x9d81290ed99cb970aa7711af54c10ce5661f5d42,2025-11-10T14:26:21.998825Z,0.0
0x70b4f8a55821dee62d7d8e098c062190f65b4e6e,2025-10-29T23:55:01.339006Z,-0.5714
0xa9335a2b5e88645ee5bb552d8675626ed0d94e84,2024-12-22T00:14:33.113536Z,0.0
0x2f6405e90f1a8b7ee9ba2951041c979fdd119138,2025-10-30T12:15:29.933012Z,-0.5714
0x239e742025d5b25f2fe64d0744f4f4fe7deb3ac6,2025-01-07T03:46:16.239785Z,0.0
0x4428650748d4513596cd7002d2b8fa163c1fdb3a,2025-12-28T10:41:55.8119Z,-0.002
0xfc3381cc84fecd26e87c9ef05020b7ba712e9636,2025-12-26T14:23:29.98016Z,-6.439441000000002
0x6233c2523f37e795d2604fe5128e0b625b389b17,2025-02-06T22:39:38.415937Z,0.04416
0x81d131a7b47d012ac448c165a41b152ecf9b4e30,2025-06-18T10:56:22.447304Z,-25.763077
0x54cc3d2ce23e6b9dbb4ec7d74fb04b945430204c,2024-01-22T20:41:47.98Z,0.0
0x4fd22bdf1bcbf17a83afd1b630259c125632943b,2025-06-13T07:06:06.594232Z,0.0
0x7097da45b2c5327c02a618cd9d77e5d428f2d7b8,2025-12-30T15:35:57.15844Z,0.0
0x87eab0e4f77752115b222d51a8de1f8aa1551d69,2025-06-20T20:33:51.407018Z,5.135895
0x2a5f1a4f2401bb06ab786e4685f8fdbba550e226,2025-02-01T17:37:32.911644Z,-10.754520000000003
0x5c67ca3650463cbb70fcc1ff918ae12edfdd0cac,2025-10-12T19:56:25.121724Z,-0.999999
0x9f923f82ca0db95bd3c13d3dfaf22cd330ad5c90,2025-02-14T15:15:46.197129Z,0.0
0xd7570beffd50344c7c2b1d11628a6d7ff8132626,2025-06-07T19:02:54.179621Z,-1.389999
0x5f53d058f828f12a0ae25450ac8f6e6b514f41bd,2025-10-02T18:34:43.632588Z,-0.999999
0x9044f0d63a2dbc9515e56be6aa8259fcdda1e66f,2025-12-24T17:51:51.980788Z,0.0
0xe358d7db4571c0934529a7032f6e2576d2116878,2025-12-26T09:25:41.216897Z,-0.999999
0xa6b7ebd5ce137c3b5d56f896a52eba71702bd5f3,2025-06-26T15:20:48.189732Z,-21.682630000000003
0x6a54e4d04bed7ca8330b8a8a5da5331c71850694,2025-06-15T18:28:13.90886Z,2.317963
0xedf3d0678e238fb685960523c43f7b3fe82d5eaa,2024-07-25T17:06:19.091551Z,0.0
0xeccab812c0c6256ccdef7a9a3a7cd114947f6a15,2025-10-27T12:33:19.216723Z,7.23
0xb969bcd45888151ea4db702d0ac858b49e0e089e,2025-09-09T01:00:04.443027Z,0.071
0x3797bcdef505679ffb35e26620f8c14c1c8451ee,2025-12-16T09:14:47.82421Z,0.91675
0xfdf844db01c7c7e6e73d46d832320dbe443bf7b4,2025-11-04T17:08:05.985492Z,330.297559
0x449f9793e3c3f1af12203c96f078d4db9719913b,2025-01-19T03:53:41.112222Z,29.8988
0xef02ae62bf79392eaaa2c7a4a07daa872d444f7e,2025-06-20T14:31:46.922851Z,0.005225999999999999
0xf2d29222ad7a9b984a799dd6064a4a14110bc866,2024-08-30T03:55:45.755758Z,3.128324
0x2d0660cac4d9877729e4e78a591da61658d6a80d,2024-12-27T11:27:53.028916Z,0.100502
0x84edcfbbbb07f5b7b734de2a1d3b3437a106a7c7,2025-10-23T07:41:39.152237Z,-0.9949690000000001
0x2377eeebcacd30e195c697f54d114c64cf331481,2025-12-06T11:16:12.060393Z,-3.7
0x8a9df473b8ae38a1342b126ad8a2e25e814d69fb,2025-07-31T22:20:53.201587Z,-6.999999
0x4ad20dedd07a47c3fc50b423d4558be3490c54bd,2024-10-28T10:56:22.303507Z,190.34296299999997
0x7dc78f164c24366145a9334c8ef8f59c3bd40a2b,2025-10-11T23:20:31.944037Z,102.715509
0xe86c7cbaf60872f136cd5a1627a6c88ef3e1bb51,2024-10-28T16:52:10.208975Z,-49.997324
0x33df427ad045fbe49dabbf9f6676df72b745efcc,2025-12-30T13:28:33.681247Z,0.005025999999999999
0xcd9607c4a676b7815f10bb8bc25355414e47cbdc,2025-08-07T22:44:47.375166Z,81.792734
0xeca0c0888e34df59589c67fbe53dc7f298b5e8f8,2025-06-16T20:21:07.079758Z,154.496113
0xa4fdf2d028a5c1cd7bd73c5a1b78a1ff882e4060,2024-11-22T11:09:50.87199Z,0.006131
0x176f2a8066cc1e11d99b56d5ae6ac77606ba0fa3,2026-03-05T12:28:51.097156Z,0.049999999999999996
0x416b8dd22e63c7e73396ddff5aa46aef83e7bad6,2025-10-20T12:13:19.646864Z,-1.05
0xe61b56e40a5d65ae38f7fe02b876be6b1629398d,2024-11-22T21:25:25.907675Z,0.8300630000000001
0xc9f785392e54dc48a1ac4caa58b0941eea76d40c,2025-10-18T07:44:54.348938Z,0.144829
0x4be71aeeb7b190e1f331e75929dbe5cba0101b83,2025-10-14T03:26:11.928717Z,0.0
0x88dec155ce96d5beddccae8ec76b46863bba4d89,2025-11-10T06:23:16.936099Z,0.010051999999999998
0x4f19ed7b9046925ccb526ba3775b3a0ab45a79ef,2025-12-21T14:34:43.917367Z,-0.34599999999999986
0x9e27a466836ddbcc26daeb0d5f66caad69710e99,2025-12-30T12:45:22.194866Z,-7.999228
0x09eb0d63978f6946d3ae089e20f4316b425844dd,2025-10-25T08:14:49.750579Z,0.04016
0x1392447344165a58483c7bc2d721f48f3c145c8c,2025-10-31T19:52:06.09264Z,0.004016
0x86ea4c164cb39cac91fdebe61f1edba021461d8d,2025-12-11T14:57:15.089441Z,0.0
0x15369875b31a0d9841eb1fc732179336b203612e,2025-12-06T16:46:38.053647Z,0.0
0xd7f9b15ac0c0535fc65a6fae42a059642137cd5e,2025-10-25T09:27:26.51534Z,0.0
0x98937189dd66c67995c75623803964faa172b2ce,2025-12-29T13:57:54.82631Z,1.6620079999999997
0xb7255a9fe6eb6c0ecdce65c4fe49136612bfbdf7,2025-10-18T13:58:06.825311Z,0.0201
0x6620dcebb344c7eafc3de90c73024b3fdf618a10,2025-12-05T00:13:52.181881Z,2.671403
0xc27830f67a48df607b661ac1417e4d96b2e9a116,2025-01-29T05:18:56.615941Z,285.890576
0xe7e3d55fecbdc8298d1960018cffcc44fb785a65,2025-10-29T10:31:30.212365Z,0.033099
0x5b07c21b2d9b3e8236c4efd7c9d72fc04ca2de95,2025-11-26T20:23:01.939636Z,-13.501755
0x612bd45410943d12e80d2e936ecd757cbd0c0a62,2025-10-29T11:56:37.46723Z,0.0
0xa305d0c3b50ee61955f217d7a37c33478134a283,2025-10-25T02:20:40.638896Z,0.0462
0x6dd9803d348022908f5b86a5078c7803954d56a6,2025-10-22T21:54:05.773052Z,-0.9908059999999999
0x64677ef2439e839e4cc973d4954113a58375f408,,-3.140596
0xfcea3d890ade9b0e351e8e7235444c724ef218cb,2025-06-20T05:42:58.133146Z,2.682503
0xfd5d00c2dd9e2ae0fbd71a060d96c55595e23581,2025-12-20T17:58:09.503524Z,0.0
0x39daa1fd24ce6c93bb185bcd067be94d6580bca6,2025-10-29T08:45:35.223888Z,2.6862029999999995
0x9ed31eaf4326775d2a402933567f640b95677575,2025-12-28T14:47:50.586818Z,0.0
0x2a912d8e7f45af5d70db761cb4a33bbf8ba45267,2025-11-13T18:24:47.755803Z,1818.789475
0xd9070bbf770aafa405c366ba866bc286526b6d35,2024-11-09T20:26:16.887053Z,8.053749
0x06d3873a5d021c15969f416929fa89c57d1fac9b,2025-12-29T19:32:31.375504Z,0.0
0x97e51fb734200cf785655999259883258c3699d0,2025-12-18T10:10:26.953078Z,8.054407
0x29cf6be13494a1a8e11ac7a4da2a6ae25d7a91bc,2025-12-09T09:27:54.444001Z,-9.950854
0x23cc4d606d11eefaccb6609195322e1885284f5a,2024-10-12T02:09:57.196273Z,100.85774900000001
0x1ee9a5fc09665909c0cce297c581703bfbb9197f,2025-07-14T17:13:41.331706Z,0.221816
0x3ee2bac7e28f9aae29e0afb4bb1faadba2bc8587,,0.0
0x52e718454f554c731fea3a8fbc032350f91fe3b4,2024-11-28T08:23:32.509273Z,74.5
0x1c2dc35789d7bd7d0f89c9dbb5d3bf1c494a1b72,2025-12-30T09:01:27.119583Z,0.0
0x34758c7dce876a8a22a46c6fd61613bb94dbeea8,2025-11-04T10:54:57.063643Z,258.32894000000005
0x23ff1655dc6bd7b135789264bda956d0724394f5,2025-12-18T13:52:51.152612Z,0.0
0x5d0cc21c87b69edde38f9002164735e9b1414934,2025-01-07T10:23:46.140653Z,0.0
0xce3f6b3576caccbc7005787d09b519a0997b67c9,2025-01-22T04:20:59.311945Z,-19.998254
0xb345e5a823ec9f1583f49f84942ac95efc77557a,2025-12-15T13:16:40.377801Z,0.9428740000000001
0x8ccdbf5897bdaa48c964a8fe73f731aa138d6e3c,2025-10-09T15:17:24.895724Z,-2.997987
0xb51df425bec8f91201d7a7be60c663fb5fd98dff,2025-12-28T07:54:02.409346Z,-4.40346
0x176ea74922794750c190ac0fb8f27f9345038f96,2025-10-18T04:57:56.698872Z,-1.0
0xbd9f9b37d7aac4d2833e2040e3f3de339727a50f,2025-12-29T21:10:30.461109Z,91.952747
0x34f63f74b71954f00b4d61b66f97ffeb506a0ba8,2025-12-29T12:15:45.744988Z,-1.0
0x352119abedd7f9aef6c1c727e3bac76a23a283e2,2025-10-10T09:51:19.579421Z,-0.997996
0xb77d8c35d2fc979b2913cc09c3abd134042589ab,2024-09-03T06:29:24.084935Z,-0.997996
0x94f88749f15c910cf4653ad85095abeb13463ec6,2024-10-15T07:35:11.501449Z,7.972751
0x1c112dfba1fa40cd2f99da9b66723bf9a2cca9d5,2025-11-23T11:33:31.264348Z,0.00401
0x0cb067fb784e12df7880b1d33002ffb09d4201f6,2025-04-08T14:06:15.601919Z,97.904976
0x49b93fd90d65398e806043d931d544f091026521,2025-11-13T10:25:53.549715Z,0.65736
0x72aba86b25242d0f641deb0083ddf0e95bff1a3e,2025-12-01T09:49:26.739611Z,56.394093
0x74050873de0cd0d3ca4d6e5cedd3892c3c7e0e35,2025-10-15T12:28:33.919953Z,-0.001848
0x6f4394c1fa596ac734fba65771d4e91edaeaa080,2025-12-20T09:55:10.711158Z,0.0705
0xd2399fc9ca036fa6b07f85c8d7d6cfbb775d2d6e,2025-10-10T02:04:47.120434Z,0.0030089999999999995
0x9102e934c41477c598e03817ffe44f43b8b5d6a9,2025-11-05T08:26:31.303386Z,0.0030089999999999995
0x294d6426745e9c48c978b91478b91365af32b362,2025-12-16T06:20:00.345112Z,-1.0
0xba88bcd6e865c9de1b9850f74f5ad6af90053138,2025-12-29T01:52:57.034112Z,-281.835197
0xdbadbc55778d44643efabdde735e2f0b35d42429,2025-12-19T18:43:00.418202Z,-4.238932
0x0f7a66e2a445431787deeb24ee4483b80fccd37e,2025-04-14T14:12:49.940242Z,0.0
0x652e22fe35b6f330d19d3e8214ad0986ebebef62,2025-10-19T11:08:22.610677Z,11.771299
0x3bb272902031df6f0a1693554ded10c5b5478155,2025-08-12T18:17:41.843038Z,2.6862029999999995
0xe0ac495d614837fc172dfd0e99af379a27b82d06,2025-12-15T10:48:02.150802Z,104.5
0xcc380f63b84de8d3c4af89c65a52c51b2e9d5bb2,2025-11-26T22:05:55.723061Z,10.574406
0x119917bfaea2d3f4be242d96f6058c3937d7d5f9,2025-05-02T07:17:05.267983Z,0.0
0xc1712fd5e23edb7524f2447c52935353248eaa19,2024-06-08T13:44:08.759164Z,0.002004
0x4af68ef7548c41f9773498d72aa87e49097e270a,2025-11-26T05:03:39.829603Z,0.0
0x2fad8f3bc8514c19ba407a10032498cb193f9bb7,2025-11-26T07:03:42.287224Z,7.299759999999999
0x77e1a1865776cd8121e2aa5a8a82cea0c6d128b8,2025-12-15T08:04:32.763356Z,226.938367
0xaf1c4e937884b3d64f68a56d48fe0d18e957bc5e,,2.072843
0x82a74cd1d8c0b07d4598deb31ee82f9502409ea8,2025-10-07T09:23:40.738837Z,36.610044
0x77a4ba69bfd3a388bce7031900a3fabc105fc84f,2024-07-22T10:06:30.8751Z,3.9502050000000004
0x5173a5a691a24bef09056d108a3507104bf859a1,2025-12-01T19:43:40.085852Z,11.209311
0x4b4806c46359b67fe6afce2c9be664184f5335d0,2025-01-20T14:15:00.412882Z,21.25004
0x03ae1dff9b0df52be47ca67d6049e9e541813cae,2025-12-23T08:16:19.096909Z,0.225502
0x4d0e9b029700163625c551a0073636f3dc5ec45b,2025-12-07T03:51:13.876668Z,0.006497
0x8ae0168308f9e9d9a392d9f29a0df0e1a6788220,2025-12-05T21:43:24.790801Z,3.292205
0xac9ea33a028bee7584c72fe2a39a94101184d6e7,2025-06-02T23:06:32.747067Z,1.8547250000000002
0x04f6dab1a3d35fc9ad828536cd0f493013fd311a,2025-11-23T21:03:08.228736Z,43.024161
0xaadbd211bda2bc5fe28833c6cea1242aa8be85f9,2025-09-12T09:57:21.417859Z,106.279089
0xd0d6d9700dc2272dbed0c867e6dcc0f19148b215,2025-09-16T19:03:36.66223Z,-3.180544
0xeec50edede5d961efb02e20bfd3275dd1e7fb6fe,2025-04-13T09:12:56.293219Z,-19.43293
0x870a150763136919c1f30be751c54df6a1bcbd43,2025-03-12T07:44:01.059156Z,-11.330489
0x57b00c3ccef1b6bd6962fb9ca463c4e0b38e76f4,2024-06-28T10:56:54.009869Z,30.273799
0x2e7af2d49c5ee0337393ef6c0adaa24a0c2bc74d,2025-12-25T12:59:59.627423Z,0.0
0xdd45e705ee2c41bd1d81da5bcb8ed0e8b30259b2,2025-11-27T05:36:28.918181Z,7.291722
0xfcdba2f4b8fca4e899bb97a36f96061104e13cb5,2025-02-23T06:04:54.37102Z,270.07695
0xf0b0ef1d6320c6be896b4c9c54dd74407e7f8cab,2024-07-15T21:10:16.08198Z,56.459898
0xdffb3102ff4ebf701523c468a17e0f2fe72293ec,2025-06-12T21:49:32.567656Z,-16.999857
0xf2c4013a20d4e801fefd0b160a15a7b0cc779d55,2025-10-27T00:48:43.395121Z,-2029.391008
0x228a1f4e791624cc139a9eadcc7caf7949592a55,2025-11-12T22:52:24.811138Z,2.69985
0xa9ca5fc54155b6ae92e86cd91e9eb8fa847476f7,2025-03-15T12:30:40.113997Z,0.0
0x4d9c9f146f441c95e894664ff3b9570f800156fa,2025-08-23T07:09:19.510138Z,-136.259062
0x77b61b96b30a36b885aa8280522a7cabf5e47fec,2025-10-12T21:33:07.081535Z,17.010207
0x9ad091ca2e8f1bd69f27662edcb49dceeaa5bf3d,2024-11-05T12:55:37.062686Z,6.89524
0x24e05919521fb0b2b199ccd6b23ecb7b551e6177,2025-06-29T12:52:43.993998Z,5.590637
0x4b7a030f067a7252182464be7b790af76903c218,2025-09-06T20:34:14.429054Z,0.141804
0x7ef161646249d2a87d52d2dc68bc1f6e64f74e46,2025-11-19T14:36:55.360411Z,-0.086658
0xa2ef31dd1536f8a156b511a6e74038cce6a29f55,,-0.017156
0xef74b1d633aec491f9277e3838a567b1e10bf4d0,,-0.08767
0x82524979739a860b36f47eec57619cf950f45c68,,78.536002
0xff7ca9cd180d33119e653e3eb50555a3e2ccb233,2023-07-28T01:23:38.423Z,-6.74647
0x2598d34a681af2dd7730d4e02346472c95d62168,2025-01-30T16:58:51.203509Z,9.452719
0xfc4da09b7f06c9779d4f3bce0eca6d9637316fd9,2025-12-30T05:11:29.447623Z,0.060239999999999995
0xf9f207b77137caa79c6c4516abdef3133db45cba,2025-01-20T15:19:51.111893Z,-1847.630355
0x56b08259f4bc945c72057018de536a675b1e95c0,2025-10-25T11:46:26.973694Z,35.718289
0x6233acb64b3afcccb38c73468dbfedb28ea55cb2,2025-12-17T22:57:39.28328Z,28.2285
0xa234bdc751080ba6c4d2c7462523dbc27791f7eb,2024-12-24T07:12:46.022194Z,1.5
0xef5ebdaac0a8423aa943d1ccc3b5c64550faf44a,2024-10-15T07:54:42.696046Z,0.006017999999999999
0x016c683d70b0bf712b56aef28c0c18280d2eae19,2025-10-10T07:56:16.927543Z,10.301823
0xf0729143cbf9ade46743017ec4e1832a3564cee7,2025-11-23T16:24:22.925339Z,1.1253
0x4b9afb568c06368c92c8d734e8f8972b9a6bb04f,2025-04-22T22:05:01.615484Z,225.372237
0xd55333867a11c158026c01e373c4fa8abc9f6af5,2025-10-17T18:33:44.573239Z,-939.255179
0x0c3c6cedfc55e5977fd9ad1221b75d25c62a5eea,2025-08-09T00:57:44.920368Z,-6.02825
0xa5d4c571fd9a838bb2fef9a4b65e6c2d6c8f2c02,2025-10-10T18:16:15.83575Z,-1.9656
0x02a17a92e6f673129b37d95359c7af628a3cdd72,2023-07-20T16:09:58.059Z,746.073455
0xd31db9247536cb4dad71b608042e0c60af7fe898,2023-09-20T23:29:05.028Z,4.778067
0x5b0c60871d8d45431b1bb502ee1db01f9fea10eb,2022-05-22T12:40:49.533Z,0.086475
0x4fc5a1ca0a83a7cbcea1b44c1b98849500de9207,2025-12-10T00:54:37.951807Z,-0.999944
0xe208cc02257cbc5570e0ddd0a631afab1d934e40,2024-07-18T16:44:46.071379Z,3.163867
0x43a890366af85f81a908641e513b8368879786c6,2024-12-26T06:40:49.224502Z,10.392906
0x47ab026767cc320ac6e62f6ec747d59cf4d795df,2022-03-02T22:57:11.838Z,10.277786
0x154416db885476210d34fada903452e0d32a6f27,2025-10-23T12:38:17.79231Z,16.580964
0x9aeb534c42b58b21673d5e03e9da14fbd15b2729,2025-10-14T21:07:35.148262Z,-393.626005
0x1472ca4facce2c972bab3811a64beeb113ce5f3e,2025-12-10T16:49:59.855513Z,0.13
0x07e0bdbc1f4d94c749ca35cdc2c59686ecfa4662,2025-12-22T02:45:53.474097Z,0.19999999999999998
0xbfb84cc3d579dc131c51f6da5bb5a90cc305d540,2025-10-20T07:44:29.125613Z,0.35520000000000007
0x46dcd6a4404bca73eae49ef273fff956eb984654,2025-12-24T04:25:30.259771Z,0.04
0x16fa6ffd383885e5242912f44497b7f714e8b701,2025-10-20T07:52:44.687332Z,0.39999999999999997
0x18e4528a5f4d4a6fa88c28910993d97654296437,2025-12-24T12:17:42.469019Z,0.27
0x5a6d657a0590ab203798e002b71dfa9d95c09a9d,2025-08-07T02:31:05.047381Z,0.230025
0x4dbb4eb0dfd82caf580f674e95484809a36ac96a,2024-09-10T21:12:28.856344Z,-2.749872
0xbed861c6d5ebabc7166264b7c8baa359913afd44,2025-11-05T12:31:50.749202Z,1.295264
0xf51d07914f345c53cb9ce8194472d7ca8d365586,2026-01-01T19:55:18.775281Z,0.015441
0xee058ce9380740b35cebffe26561e6f0288839db,2025-12-10T16:58:25.214186Z,0.18
0x76de9c6f676a0419c3accdde90dd68d8a666c176,2025-12-10T16:41:35.093578Z,0.18
0x0f1df8d729aeef18362314b03f6448359e262762,2025-12-10T16:33:40.971301Z,0.18
0xedfd9ed01d69a223faa8accff75f58b6e523e425,2025-11-19T20:25:51.058977Z,-42.70094
0x6a18684784e80cdbf458218d75ad8f45c99dfe45,2025-10-10T06:43:05.813051Z,37.764032
0x945a49252f772a10c6ddd1d1e1e24ee20438a48c,2025-12-04T15:30:06.752479Z,44.633094
0x27f5966215ad186debf448a2cf62dec4f5021d9b,2025-06-22T06:29:09.054814Z,0.038557
0x631c2b93ff03c21d29b2b73af4ff965e88ea450f,2024-11-13T07:45:19.096532Z,-17.473276
0x3ca00d4c7506cd90c3f9486e42af87832add2c0c,2025-11-08T14:23:56.076241Z,-4.999895
0x93392310b9c9ba5c60d64cc7bc46cd878116a56f,2025-11-26T19:02:16.033066Z,19.491487
0xa5fda0340959e67ef9de8bc5caf1c502c6f736d1,2025-09-08T16:35:26.191171Z,174.953252
0x7df61ca342c9b53ba9b4c60745718ed48a77ac3b,2024-10-01T18:12:33.764131Z,33.149994
0x7d858550e3f39cb2f605b36e5b068a15bcb63a04,2025-12-29T23:36:30.963759Z,128.054793
0x36da5ca5d1d4b79f1c2ebbb09be8c13834568218,2025-06-01T18:43:26.035975Z,236.26536999999996
0x9524730737990e1ff8f8f66427ab70a9517101f3,2025-10-15T14:37:34.84599Z,0.33000000000000007
0x603eab2a43dc3c9b2399dce0a6310278c06543fe,2025-12-23T17:57:29.326826Z,39.743248
0x55ae6879c6dcc5b2433aef34d2d63b0f7cdbf20e,2025-10-15T08:46:35.66463Z,0.21
0x85dfe68799c81169482aad52aabd3d899404fb48,2025-12-26T02:44:16.233719Z,6.514284
0xec3c9891b36ebd1044945ce48ae3cdf6cdf5d68e,2024-12-13T03:17:34.277904Z,81.39999999999999
0x2d9ad4d1cc6a2f9f786fdb3fd1525328ad747991,2025-11-08T03:25:31.44481Z,0.702524
0xe42f020e52f76faee41677ec8d0fa529b1a8be79,2025-12-20T01:30:42.742792Z,12.576167
0x77b0b896910b3388e01708521d1f92d1f5c2ba0b,2024-11-02T02:34:47.42479Z,-2.086286
0x96c553092fbfd2de13287b677ed1a85075cc6599,2024-12-24T00:44:59.210639Z,0.0
0x94eb0ee9ff35f5b14f8d3c3be3967e9deba837e6,2025-01-27T17:41:12.035003Z,254.580381
0x6d6673d6a14070432201ca247189570d3ddcfc54,2025-11-14T08:22:18.883189Z,0.0
0x5cd5c8d7a17c78d7389d8b87b611aed83322ac33,2024-08-01T00:58:23.613077Z,-132.269876
0xaba769c25074421233df52d9a0da018332be8ff1,2025-10-04T13:22:23.214815Z,3.545
0x05a056cf635ffa4f2a801825229042c03b4a9785,2025-12-20T04:58:46.427647Z,-4.999949
0xc4f4f2d987637aaf66b8c89c5501b9da3ec94ccc,2025-10-25T23:56:42.486154Z,14.005121000000003
0xa0c53151be00926f97d44d8a5e766aa224d0564d,2025-12-30T02:24:53.591926Z,0.0
0xff269d596d398ccb2fbb5004cf8c468fa3d75bff,2025-09-02T17:47:04.733796Z,-1.937997
0xa41406a76557ae4dfb546a5baa934f88759ad03d,2024-10-06T22:04:43.633943Z,0.0
0xfc129040b6d96c5a2c42b6e813fa0ec67151da22,2025-11-04T21:37:24.633242Z,-52.978958
0x4a7b52316267bf88bafb0e45c9cf45c51b435994,2025-11-27T18:57:25.058869Z,0.0
0x9416b0ca9df006a64def65021451caba9adf5a15,2025-06-19T23:51:36.30321Z,-0.795056
0xb253cd559d39e3a55b31ee15d5505aa2cc3e6b67,2024-02-11T23:04:53.616081Z,-556.3188599999999
0x92c92e55d4621f7051edb5eedbc1b669291164d1,,-3.939808
0xb6897175447ff136d5cbc09f25a46c4cf020372a,2025-12-30T02:27:04.39218Z,0.0
0xb9b42165df946ba09bd5fed3cd505f0896113824,2025-11-26T02:42:45.797934Z,-318.6849619999999
0xf03b3518073bdff9876073ead409b604249d34fd,2025-12-29T03:28:20.988083Z,-29.884788
0x5389fbf5d52e634d0ef2ef876849e5874da09237,2025-12-22T09:51:49.064401Z,-5.521318
0x2c45f2be0c74bf01580a4b558bb26979d6e64790,2025-09-16T14:42:16.770726Z,5.95034
0x29d15aee79b593f1949e68875c55f0dd181ebc53,2025-11-06T02:16:58.8339Z,0.04878
0x088ffbbc6f2c0b3839d2832e75f37e1bcecbc9e7,2024-05-18T06:24:05.101966Z,82.14491500000001
0x1af373539ed8c82326e94b1322925c04e2211d1e,2025-10-15T02:43:45.131114Z,88.708899
0x5ad818e112c96496d5a16d22f79a5c7cc7e043e2,2025-10-28T11:40:02.03063Z,24.693789
0xbecf1d3e716a4f79ab0c451d700807eae2143cf7,2025-12-22T10:43:03.998977Z,0.657411
0x04bf21c2527ae8d54a2f713a6420c608366c7caf,2025-04-16T09:24:24.621183Z,-723.887092
0x2884bbb0f04adca41e7f21a9b18ce43345223e06,2025-11-25T06:16:00.489947Z,-1.142739
0xf1f9a438f2697381b4ac8eb283d6f4dd772d1245,2024-06-27T21:52:41.365709Z,31.973208
0xe938751af9d928d0960284e5fbfadc39edb010c4,2025-09-22T15:47:50.601044Z,0.0
0xa78fedd29e1f59b317861b306e0289fb64742af6,2025-07-29T21:10:01.298414Z,-19.3032
0x974fdde6629928aab78b5d6f9c9cf4b9ec9178f7,2025-12-10T02:59:51.502422Z,0.0
0x53267f54e9d4f8f840a79941c96db09b192b1d99,2025-12-20T05:04:38.298606Z,86.20000000000002
0xad4e20ce7a841dbb53cd8ead45be94da7dc612f1,2025-12-02T10:38:11.296358Z,25.424289
0xff4e9d40d49faf53f5779b9c8fb009a6c3df5f1b,,140.284414
0xe27b5f4418566d19ee5a65d2bd56cb350d9b3682,2025-12-21T20:33:49.935212Z,2.716666
0xeeb9ef1fdade415402b46923505a2582d4c01b90,2024-12-21T01:20:27.977441Z,0.41875
0x26be5b2ef2ae5e65ed3a15f79e7abdcc110dd699,,8.347363
0x1c1e841584db14084e10e7dca2ad0ab7b60dbfe7,2025-01-01T05:40:54.302048Z,181.994603
0x0c4f5b1295f39cf505679209a22adbafe61c0f33,2025-11-26T09:40:14.220544Z,0.706157
0xeb9d299e281ff55638618728974ad3ce728fe31b,2025-07-29T02:47:03.956052Z,19.389
0x22c94e617e2d32514f328411579f7428a3b579e1,2025-12-11T21:02:49.656944Z,-0.973689
0x4cea9e38d5f3a0c7d2b487a221c21dca5336c297,2025-10-21T02:23:33.727403Z,112.322558
0x55f4b2507ea1c27d25ff904967fe88d592d9da12,2025-12-27T22:52:17.797617Z,0.0
0xb8e69b66c2a4d26db7b602d8f170dfb46b8f9767,2024-08-23T01:06:10.95796Z,16.939062
0xc51a2b073bfd6e7900d8ef01baee782e0ba3454a,2025-12-29T20:48:21.512296Z,0.0
0xfd5294de1d526489fede36ee0e43ae4779050c2f,2025-11-17T03:02:36.816463Z,25.841816
0x60a92c8620846d81f5ea17b0564e0d4b7c545a71,2025-07-06T21:16:13.382607Z,-319.7652810000001
0x80c5b2b9d09808bf015bdbd377b3f32f7029333d,2025-06-21T14:12:53.118809Z,1384.9884449999997
0x40c2348351024cce5ba6fccd6015b77bbb77b2fc,2025-11-26T19:19:04.364864Z,29.16696
0x11bb65ce3d3393ba60b7d9a62d01daa5e5af175b,2025-10-24T03:57:41.948602Z,-2.319947
0x661d589424bc21a094ad4849063a9e375c141d3e,2025-12-02T23:39:37.961196Z,0.371698
0x22dbd51e1a4e10fff072fa24300238c64033190f,2023-03-05T14:42:35.809Z,1245.0624969999997
0xa5ca742631d2bb31ded0e0ed4a1af8d17e59af6f,2025-10-20T14:57:42.152465Z,-2.45996
0xa5623a1ba29aa6405f316c7dfb58f8eb64ced636,2025-10-24T03:37:23.420368Z,-2.389974
0x5e88e8f893a86b78b1104d843033fb7f3ca58fb7,2025-11-15T21:15:53.289489Z,0.204924
0xeb8984bd4aad72274f170bfc71ef4fa21a4646f1,2025-11-24T13:02:05.207974Z,5.780725
0x73a6f22b745e04b9d8e3c2300d638c2e7f552b50,2025-12-23T15:00:49.00025Z,-1.29
0xb77d74cd4e3a6ec89c17f03d092d3a6963d43f05,2025-12-30T00:48:50.268814Z,0.0
0x0fd42689071977a4be7c189810d5fea66cb1bb85,2025-10-20T15:07:58.684288Z,-2.4199720000000005
0x786305d1d20b38c240f3e90aba0975d2f72c3d4e,2025-10-24T03:02:56.295611Z,-2.369979
0x0de61278e7467aba680659da5b40e122c16ddaa2,2025-11-27T12:27:20.484347Z,1.118829
0xe1b361d6a6f237b9ed7534d19b232df8369e1426,2025-01-29T11:26:18.123933Z,40.8
0xeac66f22c1721084ea6b22190fbd6c95ac20f9f7,2025-11-14T17:38:17.28223Z,2.46541000000002
0x4ea67bdde5af4942a2c8f117730064cbe04ab249,2025-06-17T04:21:33.793192Z,125.599933
0xcecaeade076dafc88fdb955864da9d9c15693f67,2025-11-04T16:10:31.805263Z,38.783750999999995
0xe732156a2d84cdfb4de831d3f11a22899e49898f,2024-10-09T04:33:41.455675Z,119.381695
0xce0e6677f036ed20adb7d11205c0b8e87854fb2e,2024-10-24T17:31:55.681073Z,11.253903
0xe7262b3a5cbaa2a1a5c62a4f57d546e4f174dda0,,1.197962
0xc8b8880b91effc64f4ce9d5869b9767a55a6c770,2024-10-03T13:31:41.939765Z,118.3104
0x0a53282124062874b45d6489a95a26f62c6d7a6f,2024-10-08T15:46:50.215042Z,-268.177733
0x1e3a86ef98030e7e0519e127d8178e9b45389e14,2024-11-15T21:15:06.255351Z,-116.18545000000002
0x58c85b9a2f357cb32d92cbb6443d552148060300,2025-07-21T11:22:49.530907Z,-16.938578999999997
0x2b6512c0d7cac20015b6105650a88ba8ba01ef2c,2025-12-23T17:27:32.020637Z,0.699361
0x555276f475c4aa21ac8161904f0b899108c6819c,2025-12-29T10:44:42.336275Z,-0.935778
0xc0922d43e7d1e87a0a07130cde64cdb8981a5428,2024-11-16T14:42:45.104688Z,1.9381720000000002
0xd917b04bfc25952fafd86f9210ce4affb98bb0c6,,-1.8319999999999999
0x81962d4b60e570db68de998ae77a35d07822ab69,2024-11-16T03:00:06.57958Z,193.4543
0xa9aca75fb5d8f04c2ec9eeb0eb0c30d2e526c5d1,2025-08-31T18:40:48.998478Z,9.490714
0x8f9f0ad4bb1021178ebdeb8b4108190f5fb5ebc0,2025-10-12T23:09:08.112729Z,11.87826
0xd22392a640b5bd9332ffebb71cb4451fc11e2b92,2025-11-04T04:02:51.405928Z,63.689821
0x259205c777eb96d075556a4d12f0ed37465c839a,,-366.29356099999984
0x8bbc617c7cd9013872b6d37efc3354bda6c72495,2025-12-22T11:26:38.747526Z,-5.286028
0x9cdda449d7cedf1072d74982a5dc2349df3d3e97,2024-02-02T02:11:51.21499Z,-190.53153
0x9a5867362c20a2b83245ca00801aa4fb986b149d,2025-12-21T21:59:01.912275Z,1.2598090000000002
0x1771b14c7d236d14a19bc94190a534d739bba759,2025-12-17T14:37:36.10619Z,-0.343198
0x3078db4a9737866b4d6529f655025b3a20f80389,2025-03-17T11:09:58.057015Z,95.538166
0x2ff1797eebc8aa658ca38c0ae55246c1cea072eb,2025-03-16T02:24:15.622961Z,50.093929
0x03d0d65c51235e63805335b85ead75794830d647,2025-11-26T17:30:57.398477Z,-73.602789
0x4f1bad13ef34a4dfbbf167a29c7ce2723677bc10,2025-09-18T17:01:49.560771Z,0.8749999999999999
0x8cefe40229817a955ecfa4c14f6a07fcc9a64017,2025-12-21T00:14:29.974529Z,15.958475
0xadd8da1797263d6b2dcc88c66617fe537ee3474e,2026-03-05T19:51:33.625205Z,-0.0891
0x9d8d3376c2353fa73370c55b879fbb145f294dc6,2025-12-27T20:21:08.281849Z,2.548361
0x7a0da16a1205ee51a56fa862e8baa61e350eff14,2024-10-19T21:10:24.52044Z,-824.982757
0xfdfe80903d12e8cd59ccc7300bfb12e6ea33e6ed,2025-10-20T15:15:26.297871Z,-2.379992
0x14037b56b5b8ad24c368ca1d4096c28eda32c514,2025-10-24T03:39:15.824431Z,-2.529991
0x4570e99814003520f79869dc2417b660daa983ef,2025-10-20T16:17:43.208138Z,-2.419995
0xf12e03c202fc9b65da05d4d1b8a74cffcc01cef3,2025-10-20T16:20:31.032148Z,-2.4999909999999996
0x561ef61302d9485890aba78c8546e80068753094,2025-10-24T03:10:28.656775Z,-2.409991
0x6c90469a01ec3baabe7b09804c6ee393c398864e,2025-10-24T03:41:59.36439Z,-2.379993
0x30889c6119c04918a94b67a5b66a1dfb66d662b7,2025-12-11T03:45:13.002156Z,-1.369996
0x3a56a469d6457f779f18869f92f23878cc39387c,2025-12-16T12:11:43.438079Z,-18.238551
0x951deb42f26e7e3580ebd98e93a96c60306cf79f,,1.280957
0xb09f1697ba5872eaae79b1e834b297081cb2545c,2025-12-04T15:04:50.642662Z,-25.02996
0xc150daaf20bd0e0c7a464bbc841cf943328fc46b,2025-10-22T10:36:43.486606Z,-1.369997
0x3acd8fce9a154f4bf6bd6a40059be72fb21e6767,2025-12-28T22:04:21.056567Z,-1.179997
0xd52ba67ebc5fa3457629d567411af5da3c69783c,2025-11-07T04:25:44.001178Z,4.48
0xdf3f1758e5b2b4b4044ed2a98776f37c486ac76c,2025-10-19T05:03:38.06989Z,-1.159996
0x65d4d461be1a7502230b80d42d99d2286d99ebba,2025-12-25T00:04:12.689895Z,0.0
0x9e44782322a0e1fba00532408d51dd324ee870bc,2025-11-16T02:25:07.037628Z,-1.089996
0x7d51f58c68b427d113d5c84b508161d4e0286f1f,2025-11-07T20:35:12.435628Z,-116.15087699999998
0x6a1b5fabb5a979cd6136c2fe63bf5b414b7e4e38,2025-12-11T03:36:49.520241Z,-1.199996
0xfa2689cae787abab238e98bd31c2cf6097012473,2025-10-20T14:41:31.648923Z,-1.279997
0xb955be2f7d4cdb3f78b3cab4c3efb0c56efa0b47,2025-10-20T15:00:25.155692Z,-1.099997
0xef3e27a7b7a844c7b8422c44205e5fd20e3deff5,2024-08-08T15:58:35.79936Z,0.0
0x174a8304771c1b68c7949e0407f2714b8d25c66a,2025-10-20T21:51:17.565902Z,-1.089996
0xc84bfde89d8e7e65d326130de2b12e0b8fc33040,2025-10-20T16:22:35.995869Z,-1.2699969999999998
0xbb7f280b061a2caf20e1c8c8cfafa52eb09072ab,2025-12-28T21:57:02.599608Z,-1.079997
0xf0f7cca749104ddbca54a9fb1d51e33c2f48e6ef,2025-11-16T02:49:51.195771Z,-1.279996
0xba2781a7b7fad92897aa876caf44622928d5001e,2025-12-11T03:42:24.94683Z,-1.299997
0x99d3255b31f9dffdfba1d8b5b90b73b5ec649a7d,2025-12-11T03:31:16.015589Z,-1.149998
0x1c0d5c93e5979bb200086b37f40322034c8b36e4,2025-10-22T03:46:43.561491Z,-1.279997
0x53dc41b972f78a7204e25e3a49ee4e105b3c1f31,2025-10-19T04:53:28.04277Z,-1.269996
0x0e7410845af5afd0cde93901a210c95bcdfe6e7f,2025-12-28T21:54:47.026837Z,-1.389996
0x464282ab6046aaf718a4c603e81096bded68f0cb,2025-12-28T22:22:26.064337Z,-1.149996
0xc51d6b98c727dc1e99f597db1dc72afc5d1df1bc,2025-10-20T16:06:36.853169Z,-1.249997
0x57af1c106bbc2fb97f2f78776ae999a153c4ad69,2025-10-19T05:19:20.175618Z,-1.229997
0xa533ca19f8a9e0d56ffe274d30129ba064b34958,2025-12-29T21:36:18.55842Z,-1.329996
0xb9ee3fd5479b89995c77a6eb182a3bf64940252a,2025-10-20T15:19:52.058624Z,-1.159996
0xb5baebd04ccb5ddbec3af8b1d8755459fb239dbd,2025-10-20T15:29:17.079742Z,-1.099996
0x57ed343f12dcaf94b6185e548c78ea308a4f2cf9,2025-11-16T02:32:24.565233Z,-1.139997
0x2d87a33c69c5d9187fa424acc6ef5a42afde190c,2025-10-19T16:49:14.595421Z,-8.466788
0x13e9aeccbc6a65be6150e2fcf274191fad5bef7f,2025-12-29T21:17:56.117736Z,-1.0399969999999998
0x0464dd81396067a1356660a5a0af1e57fedf0790,2025-10-25T00:55:34.784596Z,-1.209997
0x9fd24c57e9ec7c962db1d97c8b1d6702ad0e9740,2025-12-12T03:35:55.589519Z,-1.089996
0xd7edd27cc1e9a3e6ce617b65c23bfb84cc6eb87c,2025-10-22T10:29:18.032749Z,-1.109996
0x85c15f9feb81b99059f8cde983f08f0656423c1c,2025-12-28T21:59:57.736559Z,-1.3399969999999997
0x36bb5e50f99cfc2ef21461bb982f339135e614d2,2025-12-28T22:08:33.540548Z,-1.2299959999999999
0xbd33e9f8525d55a4c04411369bc3fb94c151663f,2025-10-20T15:21:59.347411Z,-1.119997
0x3ac4b02b52a2a1ed73be944bca976e9630a12d15,2025-10-24T03:29:55.183023Z,-1.219996
0xe225291b7e6c083f03f835cd61e8164ae59f85e7,2025-12-11T04:00:05.136293Z,-0.999997
0xb7fe9ac2d21d0718883a136a799808136ee6974d,2025-12-28T22:01:50.950205Z,-1.049997
0x9dbfe3cc9a4d2e05c8addd7db9da7200e9d2f3f6,2025-12-29T20:48:04.076745Z,-1.339996
0xa34296891a73c30415f33d8d4ff0ceb2ce049ca1,2025-11-16T02:29:49.070811Z,-1.179997
0xba84c4109e7edacf07e4ef62ffb1d768c450d1f8,2025-10-20T14:33:45.942176Z,-1.269998
0xc76f03116457cb95368d2125affecbbf07667250,2025-11-08T01:04:26.757998Z,-1.109996
0x4f48cf649351e6642e371a5c2d9a8f90662c640c,2025-10-25T00:11:10.407673Z,-1.169996
0x693eef2d93b8272d3c5c5bb33e4e2d0235419ec2,2025-10-15T22:12:38.487284Z,-1.019997
0x51ed3ebb0e2e855ef2743a56ad6b8f6d23e52594,2025-10-15T03:53:27.441293Z,-1.179997
0xba75d35a11248cdcaacbbfdce500c74b04662945,2025-10-20T14:45:14.724655Z,-1.049997
0xfb4ebee308cebda1cb8d140f7a64fd89f3716f1e,2025-10-22T10:21:26.301753Z,-1.329996
0xe1981b71ac1a4e627de2780c92134ee208929539,2025-10-19T14:36:21.01397Z,-1.179997
0x80430de0203d269b810c6d34c30a16484c24be68,2025-12-28T22:16:35.745127Z,-1.079997
0xd1bdbffba9543d82257dc9360f64335c7c6b6b87,2025-10-20T21:51:59.543091Z,-1.349997
0x37538a274604c6fb0a9ad7f9b68594321d95ecca,2025-10-24T03:35:13.978579Z,-1.169997
0x4b707681918ec842bc330d721f71f54e9bc537db,2025-10-22T10:41:22.461147Z,-1.279996
0xbdd53e7c6dfaedb8cb8ce62c97fbc7b71012176d,2025-10-20T17:31:14.49865Z,-1.209997
0xad529df14c293d77984a0137990a1441b25211ac,2025-06-18T21:42:36.85437Z,4.09918
0x47775a263ea9423513b2af03cb78f38ed54f21ab,2025-10-20T17:34:20.509478Z,-1.179997
0x6e3c9975bb3e9751248e2ffb934c5f8ce6681d36,2025-12-28T22:25:35.408691Z,-1.369997
0x82dec28d1093c7a7e848a3cb88df73ddeab74aa1,2025-10-22T23:40:45.769323Z,-1.149997
0x6d127630b52c1d231a846e4fec6778e3f5a236cc,2025-12-11T03:22:25.845965Z,-1.109997
0x901b6ca4410d5be5c48a4940a4c5f8788588ffc5,2025-11-08T00:45:41.078193Z,-1.0099989999999999
0x825db3a01a2ea470b68ce75eef6eb4f68e57121c,2025-12-26T12:30:13.847686Z,0.3
0x5d21c79637c2303ab8559d42ad70af652d81e314,2025-12-28T22:27:54.297078Z,-1.159997
0xa3cd50527b4f771e80fab45edf6ff4d14f9403af,2025-10-14T08:57:48.587102Z,0.448768
0xd1346c948f33fa08f7fd76566c8f0ad33274ba87,2025-10-22T03:45:12.292586Z,-1.049996
0xdfaacceff09ac2c037393eee387e81ea024679a7,2024-12-01T19:59:19.627337Z,41.790316000000004
0x537128c0d712a27503a9998bb057ad15d008b605,2025-12-11T03:25:48.769483Z,-1.139997
0xbcc766779b24e35009e5fa6cd4634799aa38f094,2025-12-11T03:47:24.057075Z,-1.349997
0xb263bdc9c3adb76f4fc334aaf12cec55ee67124c,2025-12-28T22:14:44.92466Z,-1.119996
0x8adb29538bc985e670ff8f9b08096b93847041db,2025-10-22T03:48:25.18177Z,-1.279996
0x85bb419c55e8f4e2dc9089bb2fc110c6738c66cb,2025-10-15T23:20:37.859853Z,-1.059997
0x4ea973c3a568ccba6a4af6a1df69e8843d6b2e7d,2025-10-24T03:17:23.381276Z,-1.289997
0x4121df109e9ccd22a4b143e78450c3caa35c144a,2025-11-08T01:24:08.937762Z,-1.179996
0xf5bc889a1af0bcdfe7ff61ba6448f781431eacfc,2025-10-20T17:39:06.381935Z,-1.2299959999999999
0x4f20c5b39d9ef59ad6c9e1f4f26a962999ee0b90,2025-11-16T02:18:09.83851Z,-1.089997
0xd1d1fd13280da7c6519e8c91ef9247e1c57314d2,2025-12-10T03:17:00.661066Z,0.0
0x9a1913a446476a725d8732c1354c64b7016586db,2025-12-28T22:30:55.70511Z,-1.379995
0xab98acf0ff10b955f4b5d47cd93c7a7bc2cf13d9,2025-10-22T10:08:20.31294Z,-0.999999
0xfd0ec1fc1267742b563c16297762d59240e5b79b,2025-10-24T03:40:33.626036Z,-1.159997
0x7486fbb28e374b4ccb915b01148855a6c4c3c255,2025-10-20T21:55:43.706546Z,-1.2299959999999999
0xfc57d740e40468639d74b8ceebcd206adb2fd168,2025-11-16T03:02:40.637114Z,-1.249996
0xcfb0363323b95f3d568e25828e7591190a6d6975,2025-10-20T22:00:11.454968Z,-1.04
0xef2711fa66d5ef8555b0819cd96bc81c385cb9bf,2025-11-16T02:22:35.22078Z,-1.309996
0x6e6c82acbb01f8a1821bf85c0e48720a5902b289,2025-10-20T14:43:23.065201Z,-1.199996
0xaf461914fea3ce68a751e7f943ccfa2fcab8c4a6,2025-10-22T11:05:29.034698Z,-1.279996
0x668e31ea70299999a85b1ef9bf01c3b1fc61fd9e,2025-12-28T22:13:07.112486Z,-1.2699969999999998
0x0ab186159690f6aa336235c07be6b0bfe6d8d2f8,2025-10-13T05:01:27.027512Z,-1.389999
0xd304860a00a0309fd26d55b8e4e23b0f84801116,2025-11-16T02:54:33.027424Z,-1.2699969999999998
0xaec59c6a312af5fffedd0ae79059df15c406f737,2025-12-28T21:53:00.34934Z,-1.389996
0x2f5759dafbb1fd151a5ddc68ca8f8a284ffc0ef8,2025-10-21T01:53:01.695077Z,-1.169997
0x6f61780a5578e0e6a1b7f0b333de965bb68e8c49,2025-11-16T02:20:38.995248Z,-1.199997
0xbc82f3687fb9289d73aebab8a1e61eb196c51775,2025-10-21T01:57:48.56452Z,-1.379997
0x7a17c6bf53fa2dee7c4392d351634bd233abd561,2025-11-16T02:35:41.712094Z,-1.279997
0xcf9ccbc0ca22da69a0cd36a6a2da99a986ca4fae,2025-10-22T10:26:55.696785Z,-1.279997
0x458a254727bda4205a91bb70cde6beae8f41852e,2025-12-28T22:34:08.637267Z,-1.049996
0x3cd69ef4ce499733547d045e29c3d6228d63786d,2025-10-20T22:02:54.609573Z,-1.019996
0x8b03d9289c2b37a3991b6018dbb876849442feb5,2025-12-28T22:06:38.62114Z,-1.109996
0x9e94c3838ff2677b57ae227b7d38f266aad7b222,2025-03-17T21:24:26.994254Z,0.0
0x4247cfa3468b852761a06af072273c682f68cb6a,2025-10-22T11:09:26.295512Z,-1.259997
0xad2ee13d0450c58252f0210ba6c516f5124521c6,2025-10-22T03:43:16.122801Z,-1.079996
0x36fee46728c368ccd5d515d10b376d71fcad4bb9,2025-11-16T02:40:24.255867Z,-1.289997
0x5534b19691fd58e81b02e726e3466a9991afdca2,2025-10-20T17:47:18.029333Z,-1.309996
0xeac8ab7dfea9304adbeecac02a02b71bd7bcef7a,2025-10-22T11:12:56.520849Z,-1.379995
0x430d53eb8e9be5fde19fcc83fa84510b28e97d12,2025-11-08T01:11:32.305784Z,-1.089997
0x8b0807b0432f8411b12010fbd3c8b620a43377f9,2025-12-28T22:18:53.780357Z,-1.379995
0x215adbb63b47d0ca92f849fe2c2dc1adb0f6254c,2025-11-29T23:46:16.391116Z,-2.376067
0xc31ab1528a63310cfa94ae1801e41bfa5a68c560,2025-10-11T10:51:56.355957Z,0.0
0xc77bc7c12cff77cd80de2d3377ce22aec3a6a526,2025-06-26T13:46:37.940169Z,22.59557
0x93c40233bc0cec7acf9c4e2742b611bfe919dca6,2025-08-29T18:26:48.545083Z,-2.999994
0xe6c9eee27de792a9fdcdd322822452625d0f975e,2024-08-04T17:04:27.441336Z,-13.049617
0x551e72eda42a5ab39d6d78239a1d9bbb5db6b0e0,2025-03-04T23:02:26.905844Z,1713.828612
0x9f66aa958734d9d5af35f5f19a276d23e84f3a50,2025-06-21T09:18:17.434177Z,-14.86463
0x388002990c2a43229884a437e910d0a3f3d240e0,2024-11-04T23:01:35.577643Z,79.995828
0x993c072519306017fe9a6b3ee6fa4a02b3056787,2025-07-22T22:18:07.764357Z,1343.995085
0x647bf9d9132254f65b607947b6dca4f00c1f5750,2025-12-10T21:10:21.737636Z,-1.678741
0x9f128322dcbc1ae5498a13e1222996b406712640,2025-03-25T08:05:24.287063Z,0.356002
0xd5f846515243f91280963a71a66b1fbb0740ac7b,2025-12-06T19:57:48.019654Z,-13.716435000000002
0x5188fa0e8a77e87bc6a58e6781fdfc4e165cc804,2025-06-18T14:58:57.231784Z,-240.927683
0xe5d6045425e069cb4aa289bb6fb09f729cffa33b,2025-08-07T14:38:34.790455Z,31.012314
0x166a49699aba5d7a9ce3142450062deedf83d7ed,2025-10-24T06:16:53.971912Z,14.61698
0x90c4fb7313ab0492bf991a82f46bd4c581087d1d,2025-11-11T12:04:31.555461Z,-267.452944
0x7a146c5e70c092d06be27097a5c770b49d0bd748,2024-10-26T08:58:08.842691Z,-2644.51321
0x8662915a20542ecf13fa8717bd3cfa2567dec94f,2025-06-30T11:08:30.855592Z,111.636006
0x7e8e5729fd526c5a865c4ff9f4c91d2b674ee539,2025-12-17T15:52:18.89543Z,-4.263824
0xd5f288c7273d6050514fd1972e2819d3ec5f3ca1,,2.931241
0x6268011cdc123d7ab44cabdef70b7a571f286031,2025-11-08T17:00:30.276974Z,210.407146
0xe25b9180f5687aa85bd94ee309bb72a464320f1b,2023-09-25T14:58:06.877Z,2179.212755
0x8267694f07437124ea5a2e9e9cc1d3adf682918d,2024-09-27T18:35:39.115541Z,0.0
0x48c8f858db3e753f572e3353ed9405e361377e28,2025-12-06T12:24:40.697824Z,1.380808
0xf24575c96cf60db5fa299c6c9d4e0518358f1df4,2025-10-26T22:54:12.482905Z,-10.0954
0xf1a0782969c6d87e97dadb2e9c5ddf0fc7f30bcf,,0.0
0x75e765216a57942d738d880ffcda854d9f869080,2024-11-06T01:17:06.281745Z,508.0546439999999
0x38a6775625e1798fbe0a789715bbb54291ae3f1e,2025-12-19T05:01:22.2526Z,13.24844
0x6e9c681b749918dbf1de8d647f3beaf9b5d1e966,2025-12-05T18:44:46.262154Z,4.363227
0x5fe50c22621779e031322c5becb110d1fa0d8b99,2024-12-26T14:15:29.767054Z,1.0958830000000002
0x1ee5da2163774f281c8b12744c202c300e8eac96,2025-10-16T19:26:57.137158Z,51.69001
0xd950ef37b32702061d63e44a8475c360193cad1b,2025-10-28T19:51:11.54505Z,-129.203734
0x728fb1f05821e4efe0f533d40aee31da7bb1d43e,2025-12-14T15:34:22.219355Z,3.36102
0xa25821bcfe54d3ad09aad6203fe4e1466d9816a9,2025-12-27T14:38:17.278594Z,0.0
0x356a7bc9c5aa7553f5a32f54fe616f0639821354,2025-12-16T16:47:40.354645Z,1.890799
0xc34a4af2e3a818fdcdfaa7b5b140eca017ae6007,2024-11-05T16:22:12.946488Z,-849.3024989999999
0x89c194f6c1a1b5ed0c24d855e1949d2e67696dcd,2025-12-28T12:14:00.141291Z,-76.932952
0xaec529be57257b2ed4a874971aec65c8565f536b,,-14.810926
0x682c92615993fd1f75cdfe101efdc1a8adcb17ae,2025-11-25T13:03:08.946172Z,108.816929
0x29383b8a6739600d40cfedb0962d86880bfe8862,,-0.06215099999999999
0x7740253843b20007a4c99c3766878351002acbcd,2024-04-12T21:14:51.767475Z,2.44842
0xdf6cafedd729f199bb0e88ecb8d5bbff19ebeb44,2024-10-02T02:35:36.411111Z,23.8407
0xfd3f061fce8694f4e6261bea8997be40239067aa,2025-11-21T19:38:40.959818Z,0.5
0xd7e74f896ba00a2dfffcc0f02b5fbada5628fef1,2025-12-05T22:32:49.49068Z,0.0
0x34e21a20ea8bf3a5789729a1128fe79e37db8402,2025-06-17T16:52:13.457517Z,5.040169
0x6c22360cd4f20727ea4c2a791773fd4fb2d98881,2025-11-24T01:49:12.045816Z,-0.295146
0xecf4d3d0a960f0f4460761fe4672a14479799979,2024-09-16T01:12:47.999254Z,-4.3289
0x7a8a39cfbbfd242ec33711ccbe0dd32d469610ca,2024-10-23T07:04:05.15052Z,32.035865
0x55f4c3e487e3c72e548ea35b23b7adbc2486959c,2024-10-18T20:33:21.660614Z,3.11689
0xee79d4864fbd5d9544d5f631ef531dfd9b5cdd6a,2025-12-15T20:15:54.641122Z,3.768107
0xf0ed9e68e6cd3ee712260abeaec32de56a7d47d8,2024-07-27T19:58:48.682702Z,179.861803
0xcb8fbe47a3f41f140873d919368c30662848d7e3,2025-12-16T21:36:04.086003Z,322.808131
0x72b514ad65bbdd7d9e9f6674d8cf774a99248b54,2024-06-01T15:48:29.949088Z,0.0
0x743dba2242eb96a629f2b10aef8f543c298661da,2026-01-10T16:28:37.816264Z,0.0816
0xe27757cc1dff108d82cb2ce371a40ef7a52b8e46,2025-04-08T19:33:23.451143Z,18.165201
0x85f8034047ec21ca3adb84d3ae22f140e8c9b0e1,2025-11-16T16:31:46.179681Z,9.222456
0x65088561dd219c249cf9350de37d9c9065961077,2025-10-21T21:10:43.869313Z,0.290357
0x5779c903835efccd137b2535845477eccd5d168d,,12.682062
0xf3410cb26e527ff6bcfeb743130f6a95b61df929,2025-12-19T13:29:38.782034Z,-519.403754
0x86ff444b7502843f3bdffddd1840e4bfff9b9440,,68.209045
0xc1b399b26020a4f689108e9640fd3dc8ffc8501c,2025-02-27T11:18:44.156258Z,87.493126
0xb03b826a4fc9893b35d3ddf4f11be824525b6ca1,2025-07-08T21:54:25.054568Z,355.497221
0x74ff920ae2c6314627395eaf42b10fbb0604be5b,2025-12-14T09:12:36.390049Z,-4.668
0xafe28db36ddf59b319c537231ed93b39b08a34a2,2025-12-10T07:46:51.482155Z,-4.2499709999999995
0xec5689fd57135bce0f0568d68f5e7f512243052f,,3.37693
0x7bfc96b7aa091a6000b66c2adfb76c5c37c21a00,2025-12-18T14:07:57.73674Z,3.075442
0x2bea6e535e0f712f62d4a9ddfbede9adf84acd4a,2025-02-02T04:01:30.280571Z,28.832021
0x61f29adc2e39db440150734393c1a5bd5d481d6e,2024-11-05T14:42:01.740158Z,-0.782925
0x9f7cfbfa899b0ebf3f8592bad33f5bca4b14ac94,2025-12-28T20:40:33.264643Z,0.0
0xd34bf815245d5bcea098cb0ea17df360b5c50004,2024-12-08T16:33:43.548633Z,0.0
0xfe5ec2ad7d65692fd8798be3756a61128e248054,2025-12-28T11:13:26.155896Z,70.099056
0xbe529f3c699cc19b8e11d207a3c2fb8cb35432c5,2025-08-09T06:52:24.797107Z,-13.868690999999998
0xf8d8be6e8bc241d0ae90f7895348065d310f8d55,2024-11-17T17:29:31.939872Z,-546.678077
0x300f731f044a7fe9e50daab6f9fc3f319b61d366,2021-05-01T03:01:12.343Z,44.881592999999995
0x0c1352d0db3e2b25f8dd86e2572922006c606c24,2025-12-26T18:22:20.553412Z,18.000732
0x2f5862f865bd80baa089719a2824c845b333129a,2025-09-09T11:39:41.899468Z,18.818661000000002
0xf71061cce6d1ab8aaef8f6928a4fdb5dfe15edc9,2024-03-07T22:34:08.582859Z,15.28767
0x033025f6cede59b115a49446d0208586ba47eb8f,2025-10-12T15:14:23.754884Z,26.729971
0x956275dec8fac9e6d8224b57146186444c75474f,2025-12-29T05:25:37.037312Z,-10.999947000000002
0x5b0a274c2b0310f60da3e2eb10eb4cff84d4c378,2025-12-04T23:51:47.827812Z,3.698217
0xe2daacf7238349851019238517c98d2f722174e3,2025-08-30T15:32:44.283436Z,-2.39571
0x2e471da398e65ba163a83f7d09471738fad13715,2025-11-12T16:22:45.965734Z,-5.409965
0x025e3abeefa9ab9197d4ada5c5219e68a4218f22,,-0.450231
0x20904fe4cae7766045e8a00092c67f3118acd42e,2025-12-13T01:48:07.069226Z,-0.114797
0x3c6bf734a2cdb52debb1d50a43299e1bf0d8c641,,-0.258715
0x917d18318d2707362cc85df0a8b931028857d5df,,-0.50791
0x051b59049fbda656f161bdda9939607b4a5a09d4,2025-12-15T12:00:07.33509Z,-1.353278
0x0974d7a915229cb770fb43ac46f360dcf964003d,2025-02-24T11:11:31.16093Z,-0.15663
0x41583f2efc720b8e2682750fffb67f2806fece9f,2024-11-13T11:33:26.722672Z,-7.081157
0x0e1005d2daaf1e01b357a9dedd032c283d75b1ff,2025-11-13T19:32:55.405061Z,-27.22126
0x4a04116b6f1d04b1c8cc25044059cc061fd31993,2024-09-05T08:57:52.90138Z,-12.544557
0x262a9a559c959f18a48444bd652262e94c664e7e,2025-11-30T01:05:08.593912Z,16.103138
0x3f55833b937eda834c7d5d1457669d6890e4d64c,2025-02-09T21:39:33.464838Z,-2.999994
0x706ccfd82f8920e30264d7a23f220c71c9217752,2025-11-11T22:09:14.936729Z,98.242906
0x01fa3b6bba01437da6235ac67a3a7205955cc2ed,2025-10-24T13:41:51.666788Z,126.967373
0x91878b5552e7dee2514e1f31f8e4809781565429,2021-11-25T21:02:25.179Z,0.0
0xf18f338022da2ee5d6e71d7df69095ce5645294c,2022-04-06T09:46:07.82Z,83.168035
0x4ffe49ba2a4cae123536a8af4fda48faeb609f71,2025-02-12T16:43:32.242414Z,82.864768
0x05c7a17697196901916c8a83373c51218d2c4421,2025-11-22T03:15:46.429214Z,7.09137
0xc9baa5db555e0b0752acc353f4f1c30c5160556a,2025-12-20T14:53:34.686711Z,-10.11475
0xf68878924a0e93cf96e9e892c865ae92cf3e61f3,2024-12-24T16:25:15.928467Z,0.976637
0xe340572eaf48e390300ecec013c9160ab6d939f9,2025-10-22T02:42:31.427983Z,15.998663
0x07fd560b73806637ba2474d651f66cdfc796ad26,2024-10-30T08:43:48.366547Z,-17.079958
0x52ca495a611509effb39a14e42c75329d66a2453,2024-05-22T14:47:44.352289Z,-0.999999
0x9f610089c912505b9ebd4594e9f695cd84715afa,2025-06-16T14:43:20.49882Z,-1.2627359999999999
0x7cc517586531ebdf36c0d5d5ba1dfcdcab53c0ca,,0.0
0x6d0b09ca59495155caf1bf18e0432be0156be99a,2025-01-20T14:34:13.921288Z,0.579371
0xd9a890ad8981c2e3d56bdf366e50e0f5c62f6e67,2025-11-08T09:33:50.165869Z,-1.33256
0xb8c2b629e68a3ece23e589d2e2346b75eec4a1b0,2025-09-28T05:17:07.354904Z,63.231405
0x0e296cbd5596272f1661a9ff64ce44232dea1a0c,2025-01-28T18:15:41.226126Z,-0.19999999999999998
0xfaf546afa2f0bc12336d6f77d4bbf7efcf5075e5,2024-06-04T17:56:12.844576Z,-0.999997
0x26b26ac3b434b12ee2d5a3310b2f62ce38164486,2025-09-29T18:34:55.802971Z,72.626468
0x4f9b6d7d1da2622b933842d82dec30d32220cc64,2025-11-01T07:47:42.955773Z,2.81338
0x19ce04e07f87e44dd47b7529811053f0504ec1db,,2.473335
0xb44963e2605d53d1c995fca9b97df8c8e126547d,,0.0
0x9128f18762f12beae76548fe34376613a2784470,2026-01-07T06:10:27.491857Z,19.69336
0xcd62664cc32d84e905d0c83f7da0045d48e94654,,5.10395
0xbace36e80de10a5a69e3d732608f56bc5b20fdf1,2025-12-09T17:18:50.15436Z,9.31
0x000d257d2dc7616feaef4ae0f14600fdf50a758e,2020-11-26T01:35:21.066Z,961.390622
0x2eabea3f1c6e1d0469d8dcefddf33ade20793d2e,2025-12-20T03:19:26.289883Z,-1.284
0x07732533ad79ef6704b4a2e294fbf596112f9fef,2025-12-08T10:20:44.700164Z,-1.833154
0x44e723b1f9466415dcf44eb3d65be5c3872519de,2025-12-14T22:48:26.97865Z,1.8806299999999998
0xe391f66bf5567891b3f83a168c101bb1f76e02a0,2025-10-05T13:44:48.915457Z,0.681759
0xd79bf2f1f8a881b17c8a5d7f99747f4dcbcb01ff,,-0.540437
